키워드,응답
매트리스,"안녕하세요! 매트리스의 분리배출 가격에 대해 안내드립니다.

매트리스의 분리배출 가격은 다음과 같습니다:

- 더블(두께 15㎝ 미만): 4000원
- 더블(두께 15㎝ 이상): 6000원
- 라지킹/슈퍼킹(두께 15㎝ 미만): 7000원
- 라지킹/슈퍼킹(두께 15㎝ 이상): 9000원
- 싱글/슈퍼싱글(두께 15㎝ 미만): 3000원
- 싱글/슈퍼싱글(두께 15㎝ 이상): 5000원
- 퀸(두께 15㎝ 미만): 5000원
- 퀸(두께 15㎝ 이상): 7000원
- 킹(두께 15㎝ 미만): 6000원
- 킹(두께 15㎝ 이상): 8000원
- 더블: 9000원
- 라지킹/슈퍼킹: 12000원
- 싱글/슈퍼싱글: 8000원
- 퀸: 10000원
- 킹: 11000원
- 더블: 6000원
- 라지킹/슈퍼킹: 9000원
- 매트리스 받침대(개당): 2000원
- 싱글/슈퍼싱글: 5000원
- 퀸: 7000원
- 킹: 8000원

대형 폐기물 배출 신고는 [노원구 대형 폐기물 처리 신청 홈페이지](https://smartclean.nowon.kr/online/bulky/request)에서 가능합니다.

또한, 대형 폐가전제품 및 일부 소형 폐가전제품은 무상 수거 대상이므로, 한국전자제품자원순환공제조합(☎1599-0903)을 통해 무상 방문 수거 신청을 할 수 있습니다."
2층침대,"안녕하세요! 2층침대의 분리배출 가격에 대해 안내드립니다.

2층침대의 분리배출 가격은 다음과 같습니다:

- 매트리스(간이형, 개당): 3000원
- 매트리스(일반형, 개당): 5000원
- 침대사다리: 2000원
- 침대틀(벙커형): 10000원
- 침대틀(일반형): 15000원

대형 폐기물 배출 신고는 [노원구 대형 폐기물 처리 신청 홈페이지](https://smartclean.nowon.kr/online/bulky/request)에서 가능합니다.

또한, 대형 폐가전제품 및 일부 소형 폐가전제품은 무상 수거 대상이므로, 한국전자제품자원순환공제조합(☎1599-0903)을 통해 무상 방문 수거 신청을 할 수 있습니다."
CD장,"안녕하세요! CD장의 분리배출 가격에 대해 안내드립니다.

CD장의 분리배출 가격은 다음과 같습니다:

- 개당: 2000원

대형 폐기물 배출 신고는 [노원구 대형 폐기물 처리 신청 홈페이지](https://smartclean.nowon.kr/online/bulky/request)에서 가능합니다.

또한, 대형 폐가전제품 및 일부 소형 폐가전제품은 무상 수거 대상이므로, 한국전자제품자원순환공제조합(☎1599-0903)을 통해 무상 방문 수거 신청을 할 수 있습니다."
각종 상자류,"안녕하세요! 각종 상자류의 분리배출 가격에 대해 안내드립니다.

각종 상자류의 분리배출 가격은 다음과 같습니다:

- 긴 면이 50㎝ 미만: 1000원
- 긴 면이 50㎝ 이상: 2000원

대형 폐기물 배출 신고는 [노원구 대형 폐기물 처리 신청 홈페이지](https://smartclean.nowon.kr/online/bulky/request)에서 가능합니다.

또한, 대형 폐가전제품 및 일부 소형 폐가전제품은 무상 수거 대상이므로, 한국전자제품자원순환공제조합(☎1599-0903)을 통해 무상 방문 수거 신청을 할 수 있습니다."
거실장,"안녕하세요! 거실장의 분리배출 가격에 대해 안내드립니다.

거실장의 분리배출 가격은 다음과 같습니다:

- 긴 면이 100㎝ 미만: 4000원
- 긴 면이 150㎝ 미만: 6000원
- 긴 면이 200㎝ 미만: 8000원
- 긴 면이 200㎝ 이상: 10000원
- 긴 면이 50㎝ 미만: 2000원
- 긴 면이 100㎝ 미만: 7000원
- 긴 면이 150㎝ 미만: 10000원
- 긴 면이 200㎝ 미만: 13000원
- 긴 면이 200㎝ 이상: 16000원
- 긴 면이 50㎝ 미만: 4000원

대형 폐기물 배출 신고는 [노원구 대형 폐기물 처리 신청 홈페이지](https://smartclean.nowon.kr/online/bulky/request)에서 가능합니다.

또한, 대형 폐가전제품 및 일부 소형 폐가전제품은 무상 수거 대상이므로, 한국전자제품자원순환공제조합(☎1599-0903)을 통해 무상 방문 수거 신청을 할 수 있습니다."
TV받침 *유리별도,"안녕하세요! TV받침 *유리별도의 분리배출 가격에 대해 안내드립니다.

TV받침 *유리별도의 분리배출 가격은 다음과 같습니다:

- 긴 면이 100㎝ 미만: 4000원
- 긴 면이 150㎝ 미만: 6000원
- 긴 면이 200㎝ 미만: 8000원
- 긴 면이 200㎝ 이상: 10000원
- 긴 면이 50㎝ 미만: 2000원
- 긴 면이 100㎝ 미만: 7000원
- 긴 면이 150㎝ 미만: 10000원
- 긴 면이 200㎝ 미만: 13000원
- 긴 면이 200㎝ 이상: 16000원
- 긴 면이 50㎝ 미만: 4000원

대형 폐기물 배출 신고는 [노원구 대형 폐기물 처리 신청 홈페이지](https://smartclean.nowon.kr/online/bulky/request)에서 가능합니다.

또한, 대형 폐가전제품 및 일부 소형 폐가전제품은 무상 수거 대상이므로, 한국전자제품자원순환공제조합(☎1599-0903)을 통해 무상 방문 수거 신청을 할 수 있습니다.


유리가 포함된 가구의 경우 유리는 별도 처리해야 합니다.

- 긴 면이 50cm마다(두께 8mm 미만) - 1,000원
- 긴 면이 50cm마다(두께 8mm 이상) - 1,500원
"
공간박스,"안녕하세요! 공간박스의 분리배출 가격에 대해 안내드립니다.

공간박스의 분리배출 가격은 다음과 같습니다:

- 1칸당: 1000원
- 박스 개당: 1000원

대형 폐기물 배출 신고는 [노원구 대형 폐기물 처리 신청 홈페이지](https://smartclean.nowon.kr/online/bulky/request)에서 가능합니다.

또한, 대형 폐가전제품 및 일부 소형 폐가전제품은 무상 수거 대상이므로, 한국전자제품자원순환공제조합(☎1599-0903)을 통해 무상 방문 수거 신청을 할 수 있습니다."
리빙박스,"안녕하세요! 리빙박스의 분리배출 가격에 대해 안내드립니다.

리빙박스의 분리배출 가격은 다음과 같습니다:

- 1칸당: 1000원
- 박스 개당: 1000원

대형 폐기물 배출 신고는 [노원구 대형 폐기물 처리 신청 홈페이지](https://smartclean.nowon.kr/online/bulky/request)에서 가능합니다.

또한, 대형 폐가전제품 및 일부 소형 폐가전제품은 무상 수거 대상이므로, 한국전자제품자원순환공제조합(☎1599-0903)을 통해 무상 방문 수거 신청을 할 수 있습니다."
대리석식탁 *유리별도,"안녕하세요! 대리석식탁 *유리별도의 분리배출 가격에 대해 안내드립니다.

대리석식탁 *유리별도의 분리배출 가격은 다음과 같습니다:

- 1~2인용: 5000원
- 4인용: 7000원
- 6인용: 9000원
- 8인용: 11000원
- 1~2인용: 9000원
- 4인용: 11000원
- 6인용: 13000원
- 8인용: 15000원

대형 폐기물 배출 신고는 [노원구 대형 폐기물 처리 신청 홈페이지](https://smartclean.nowon.kr/online/bulky/request)에서 가능합니다.

또한, 대형 폐가전제품 및 일부 소형 폐가전제품은 무상 수거 대상이므로, 한국전자제품자원순환공제조합(☎1599-0903)을 통해 무상 방문 수거 신청을 할 수 있습니다.


유리가 포함된 가구의 경우 유리는 별도 처리해야 합니다.

- 긴 면이 50cm마다(두께 8mm 미만) - 1,000원
- 긴 면이 50cm마다(두께 8mm 이상) - 1,500원
"
독서실책상,"안녕하세요! 독서실책상의 분리배출 가격에 대해 안내드립니다.

독서실책상의 분리배출 가격은 다음과 같습니다:

- 일반형: 7000원
- 폐쇄형(문 달린 형태): 9000원

대형 폐기물 배출 신고는 [노원구 대형 폐기물 처리 신청 홈페이지](https://smartclean.nowon.kr/online/bulky/request)에서 가능합니다.

또한, 대형 폐가전제품 및 일부 소형 폐가전제품은 무상 수거 대상이므로, 한국전자제품자원순환공제조합(☎1599-0903)을 통해 무상 방문 수거 신청을 할 수 있습니다."
돌소파,"안녕하세요! 돌소파의 분리배출 가격에 대해 안내드립니다.

돌소파의 분리배출 가격은 다음과 같습니다:

- 2인용: 15000원
- 3인용: 20000원
- 4인용: 25000원

대형 폐기물 배출 신고는 [노원구 대형 폐기물 처리 신청 홈페이지](https://smartclean.nowon.kr/online/bulky/request)에서 가능합니다.

또한, 대형 폐가전제품 및 일부 소형 폐가전제품은 무상 수거 대상이므로, 한국전자제품자원순환공제조합(☎1599-0903)을 통해 무상 방문 수거 신청을 할 수 있습니다."
흙소파,"안녕하세요! 흙소파의 분리배출 가격에 대해 안내드립니다.

흙소파의 분리배출 가격은 다음과 같습니다:

- 2인용: 15000원
- 3인용: 20000원
- 4인용: 25000원

대형 폐기물 배출 신고는 [노원구 대형 폐기물 처리 신청 홈페이지](https://smartclean.nowon.kr/online/bulky/request)에서 가능합니다.

또한, 대형 폐가전제품 및 일부 소형 폐가전제품은 무상 수거 대상이므로, 한국전자제품자원순환공제조합(☎1599-0903)을 통해 무상 방문 수거 신청을 할 수 있습니다."
돌침대,"안녕하세요! 돌침대의 분리배출 가격에 대해 안내드립니다.

돌침대의 분리배출 가격은 다음과 같습니다:

- 더블: 24000원
- 싱글/슈퍼싱글: 20000원
- 퀸: 27000원
- 킹: 30000원

대형 폐기물 배출 신고는 [노원구 대형 폐기물 처리 신청 홈페이지](https://smartclean.nowon.kr/online/bulky/request)에서 가능합니다.

또한, 대형 폐가전제품 및 일부 소형 폐가전제품은 무상 수거 대상이므로, 한국전자제품자원순환공제조합(☎1599-0903)을 통해 무상 방문 수거 신청을 할 수 있습니다."
흙침대,"안녕하세요! 흙침대의 분리배출 가격에 대해 안내드립니다.

흙침대의 분리배출 가격은 다음과 같습니다:

- 더블: 24000원
- 싱글/슈퍼싱글: 20000원
- 퀸: 27000원
- 킹: 30000원

대형 폐기물 배출 신고는 [노원구 대형 폐기물 처리 신청 홈페이지](https://smartclean.nowon.kr/online/bulky/request)에서 가능합니다.

또한, 대형 폐가전제품 및 일부 소형 폐가전제품은 무상 수거 대상이므로, 한국전자제품자원순환공제조합(☎1599-0903)을 통해 무상 방문 수거 신청을 할 수 있습니다."
옥침대,"안녕하세요! 옥침대의 분리배출 가격에 대해 안내드립니다.

옥침대의 분리배출 가격은 다음과 같습니다:

- 더블: 24000원
- 싱글/슈퍼싱글: 20000원
- 퀸: 27000원
- 킹: 30000원

대형 폐기물 배출 신고는 [노원구 대형 폐기물 처리 신청 홈페이지](https://smartclean.nowon.kr/online/bulky/request)에서 가능합니다.

또한, 대형 폐가전제품 및 일부 소형 폐가전제품은 무상 수거 대상이므로, 한국전자제품자원순환공제조합(☎1599-0903)을 통해 무상 방문 수거 신청을 할 수 있습니다."
리클라이너,"안녕하세요! 리클라이너의 분리배출 가격에 대해 안내드립니다.

리클라이너의 분리배출 가격은 다음과 같습니다:

- 1인용: 7000원
- 2인용: 10000원
- 3인용(일반소파 혼합형): 15000원

대형 폐기물 배출 신고는 [노원구 대형 폐기물 처리 신청 홈페이지](https://smartclean.nowon.kr/online/bulky/request)에서 가능합니다.

또한, 대형 폐가전제품 및 일부 소형 폐가전제품은 무상 수거 대상이므로, 한국전자제품자원순환공제조합(☎1599-0903)을 통해 무상 방문 수거 신청을 할 수 있습니다."
문갑 *유리별도,"안녕하세요! 문갑 *유리별도의 분리배출 가격에 대해 안내드립니다.

문갑 *유리별도의 분리배출 가격은 다음과 같습니다:

- 긴 면이 100㎝ 미만: 4000원
- 긴 면이 150㎝ 미만: 6000원
- 긴 면이 200㎝ 미만: 8000원
- 긴 면이 200㎝ 이상: 10000원
- 긴 면이 50㎝ 미만: 2000원

대형 폐기물 배출 신고는 [노원구 대형 폐기물 처리 신청 홈페이지](https://smartclean.nowon.kr/online/bulky/request)에서 가능합니다.

또한, 대형 폐가전제품 및 일부 소형 폐가전제품은 무상 수거 대상이므로, 한국전자제품자원순환공제조합(☎1599-0903)을 통해 무상 방문 수거 신청을 할 수 있습니다.


유리가 포함된 가구의 경우 유리는 별도 처리해야 합니다.

- 긴 면이 50cm마다(두께 8mm 미만) - 1,000원
- 긴 면이 50cm마다(두께 8mm 이상) - 1,500원
"
미용실 샴푸의자,"안녕하세요! 미용실 샴푸의자의 분리배출 가격에 대해 안내드립니다.

미용실 샴푸의자의 분리배출 가격은 다음과 같습니다:

- 세면대 제외: 5000원
- 세면대 포함: 8000원

대형 폐기물 배출 신고는 [노원구 대형 폐기물 처리 신청 홈페이지](https://smartclean.nowon.kr/online/bulky/request)에서 가능합니다.

또한, 대형 폐가전제품 및 일부 소형 폐가전제품은 무상 수거 대상이므로, 한국전자제품자원순환공제조합(☎1599-0903)을 통해 무상 방문 수거 신청을 할 수 있습니다."
바퀴달린 의자,"안녕하세요! 바퀴달린 의자의 분리배출 가격에 대해 안내드립니다.

바퀴달린 의자의 분리배출 가격은 다음과 같습니다:

- 대형(중역의자, 게이밍의자 등): 5000원
- 소형(받침 없는 의자): 2000원
- 일반형(사무용, 학생용, 메쉬의자 등): 3000원

대형 폐기물 배출 신고는 [노원구 대형 폐기물 처리 신청 홈페이지](https://smartclean.nowon.kr/online/bulky/request)에서 가능합니다.

또한, 대형 폐가전제품 및 일부 소형 폐가전제품은 무상 수거 대상이므로, 한국전자제품자원순환공제조합(☎1599-0903)을 통해 무상 방문 수거 신청을 할 수 있습니다."
밥상,"안녕하세요! 밥상의 분리배출 가격에 대해 안내드립니다.

밥상의 분리배출 가격은 다음과 같습니다:

- 긴 면이 1m 미만: 2000원
- 긴 면이 1m 이상: 3000원

대형 폐기물 배출 신고는 [노원구 대형 폐기물 처리 신청 홈페이지](https://smartclean.nowon.kr/online/bulky/request)에서 가능합니다.

또한, 대형 폐가전제품 및 일부 소형 폐가전제품은 무상 수거 대상이므로, 한국전자제품자원순환공제조합(☎1599-0903)을 통해 무상 방문 수거 신청을 할 수 있습니다."
교자상,"안녕하세요! 교자상의 분리배출 가격에 대해 안내드립니다.

교자상의 분리배출 가격은 다음과 같습니다:

- 긴 면이 1m 미만: 2000원
- 긴 면이 1m 이상: 3000원

대형 폐기물 배출 신고는 [노원구 대형 폐기물 처리 신청 홈페이지](https://smartclean.nowon.kr/online/bulky/request)에서 가능합니다.

또한, 대형 폐가전제품 및 일부 소형 폐가전제품은 무상 수거 대상이므로, 한국전자제품자원순환공제조합(☎1599-0903)을 통해 무상 방문 수거 신청을 할 수 있습니다."
병원침대,"안녕하세요! 병원침대의 분리배출 가격에 대해 안내드립니다.

병원침대의 분리배출 가격은 다음과 같습니다:

- 병상보조침대(보호자용): 5000원
- 일반형/환자수송용: 12000원
- 전동모션배드: 15000원

대형 폐기물 배출 신고는 [노원구 대형 폐기물 처리 신청 홈페이지](https://smartclean.nowon.kr/online/bulky/request)에서 가능합니다.

또한, 대형 폐가전제품 및 일부 소형 폐가전제품은 무상 수거 대상이므로, 한국전자제품자원순환공제조합(☎1599-0903)을 통해 무상 방문 수거 신청을 할 수 있습니다."
빈백소파,"안녕하세요! 빈백소파의 분리배출 가격에 대해 안내드립니다.

빈백소파의 분리배출 가격은 다음과 같습니다:

- 긴 면이 1m 미만: 3000원
- 긴 면이 1m 이상: 5000원

대형 폐기물 배출 신고는 [노원구 대형 폐기물 처리 신청 홈페이지](https://smartclean.nowon.kr/online/bulky/request)에서 가능합니다.

또한, 대형 폐가전제품 및 일부 소형 폐가전제품은 무상 수거 대상이므로, 한국전자제품자원순환공제조합(☎1599-0903)을 통해 무상 방문 수거 신청을 할 수 있습니다."
서랍장 *유리별도,"안녕하세요! 서랍장 *유리별도의 분리배출 가격에 대해 안내드립니다.

서랍장 *유리별도의 분리배출 가격은 다음과 같습니다:

- 5단 미만(폭 1m 미만): 2000원
- 5단 미만(폭 1m 이상): 4000원
- 5단 이상(폭 1m 미만): 4000원
- 5단 이상(폭 1m 이상): 6000원

대형 폐기물 배출 신고는 [노원구 대형 폐기물 처리 신청 홈페이지](https://smartclean.nowon.kr/online/bulky/request)에서 가능합니다.

또한, 대형 폐가전제품 및 일부 소형 폐가전제품은 무상 수거 대상이므로, 한국전자제품자원순환공제조합(☎1599-0903)을 통해 무상 방문 수거 신청을 할 수 있습니다.


유리가 포함된 가구의 경우 유리는 별도 처리해야 합니다.

- 긴 면이 50cm마다(두께 8mm 미만) - 1,000원
- 긴 면이 50cm마다(두께 8mm 이상) - 1,500원
"
선반,"안녕하세요! 선반의 분리배출 가격에 대해 안내드립니다.

선반의 분리배출 가격은 다음과 같습니다:

- 가로 1m 미만: 2000원
- 가로 2m 미만: 3000원
- 가로 2m 이상: 4000원

대형 폐기물 배출 신고는 [노원구 대형 폐기물 처리 신청 홈페이지](https://smartclean.nowon.kr/online/bulky/request)에서 가능합니다.

또한, 대형 폐가전제품 및 일부 소형 폐가전제품은 무상 수거 대상이므로, 한국전자제품자원순환공제조합(☎1599-0903)을 통해 무상 방문 수거 신청을 할 수 있습니다."
소파 스툴,"안녕하세요! 소파 스툴의 분리배출 가격에 대해 안내드립니다.

소파 스툴의 분리배출 가격은 다음과 같습니다:

- 가로 60cm 미만: 3000원
- 가로 60cm 이상: 4000원

대형 폐기물 배출 신고는 [노원구 대형 폐기물 처리 신청 홈페이지](https://smartclean.nowon.kr/online/bulky/request)에서 가능합니다.

또한, 대형 폐가전제품 및 일부 소형 폐가전제품은 무상 수거 대상이므로, 한국전자제품자원순환공제조합(☎1599-0903)을 통해 무상 방문 수거 신청을 할 수 있습니다."
소파겸용 침대,"안녕하세요! 소파겸용 침대의 분리배출 가격에 대해 안내드립니다.

소파겸용 침대의 분리배출 가격은 다음과 같습니다:

- 모든 규격: 10000원

대형 폐기물 배출 신고는 [노원구 대형 폐기물 처리 신청 홈페이지](https://smartclean.nowon.kr/online/bulky/request)에서 가능합니다.

또한, 대형 폐가전제품 및 일부 소형 폐가전제품은 무상 수거 대상이므로, 한국전자제품자원순환공제조합(☎1599-0903)을 통해 무상 방문 수거 신청을 할 수 있습니다."
스툴의자,"안녕하세요! 스툴의자의 분리배출 가격에 대해 안내드립니다.

스툴의자의 분리배출 가격은 다음과 같습니다:

- 소파형(가로 60cm 미만): 2000원
- 소파형(가로 60cm 이상): 3000원
- 일반형: 2000원

대형 폐기물 배출 신고는 [노원구 대형 폐기물 처리 신청 홈페이지](https://smartclean.nowon.kr/online/bulky/request)에서 가능합니다.

또한, 대형 폐가전제품 및 일부 소형 폐가전제품은 무상 수거 대상이므로, 한국전자제품자원순환공제조합(☎1599-0903)을 통해 무상 방문 수거 신청을 할 수 있습니다."
식탁다리,"안녕하세요! 식탁다리의 분리배출 가격에 대해 안내드립니다.

식탁다리의 분리배출 가격은 다음과 같습니다:

- 목재(개당): 500원
- 석재(개당): 1000원

대형 폐기물 배출 신고는 [노원구 대형 폐기물 처리 신청 홈페이지](https://smartclean.nowon.kr/online/bulky/request)에서 가능합니다.

또한, 대형 폐가전제품 및 일부 소형 폐가전제품은 무상 수거 대상이므로, 한국전자제품자원순환공제조합(☎1599-0903)을 통해 무상 방문 수거 신청을 할 수 있습니다."
식탁상판,"안녕하세요! 식탁상판의 분리배출 가격에 대해 안내드립니다.

식탁상판의 분리배출 가격은 다음과 같습니다:

- 1㎡ 마다(대리석): 4000원
- 1㎡ 마다(목재): 2000원

대형 폐기물 배출 신고는 [노원구 대형 폐기물 처리 신청 홈페이지](https://smartclean.nowon.kr/online/bulky/request)에서 가능합니다.

또한, 대형 폐가전제품 및 일부 소형 폐가전제품은 무상 수거 대상이므로, 한국전자제품자원순환공제조합(☎1599-0903)을 통해 무상 방문 수거 신청을 할 수 있습니다."
식탁의자,"안녕하세요! 식탁의자의 분리배출 가격에 대해 안내드립니다.

식탁의자의 분리배출 가격은 다음과 같습니다:

- 1인용: 2000원

대형 폐기물 배출 신고는 [노원구 대형 폐기물 처리 신청 홈페이지](https://smartclean.nowon.kr/online/bulky/request)에서 가능합니다.

또한, 대형 폐가전제품 및 일부 소형 폐가전제품은 무상 수거 대상이므로, 한국전자제품자원순환공제조합(☎1599-0903)을 통해 무상 방문 수거 신청을 할 수 있습니다."
신발장,"안녕하세요! 신발장의 분리배출 가격에 대해 안내드립니다.

신발장의 분리배출 가격은 다음과 같습니다:

- 긴 면이 100㎝ 미만: 4000원
- 긴 면이 150㎝ 미만: 6000원
- 긴 면이 200㎝ 미만: 8000원
- 긴 면이 200㎝ 이상: 10000원
- 긴 면이 50㎝ 미만: 2000원

대형 폐기물 배출 신고는 [노원구 대형 폐기물 처리 신청 홈페이지](https://smartclean.nowon.kr/online/bulky/request)에서 가능합니다.

또한, 대형 폐가전제품 및 일부 소형 폐가전제품은 무상 수거 대상이므로, 한국전자제품자원순환공제조합(☎1599-0903)을 통해 무상 방문 수거 신청을 할 수 있습니다."
아일랜드식탁 *유리별도,"안녕하세요! 아일랜드식탁 *유리별도의 분리배출 가격에 대해 안내드립니다.

아일랜드식탁 *유리별도의 분리배출 가격은 다음과 같습니다:

- 가로 100㎝ 미만: 2000원
- 가로 100㎝ 미만(하부서랍형): 4000원
- 가로 150㎝ 미만: 4000원
- 가로 150㎝ 미만(하부서랍형): 6000원
- 가로 200㎝ 미만: 7000원
- 가로 200㎝ 미만(하부서랍형): 9000원
- 가로 200㎝ 이상: 10000원
- 가로 200㎝ 이상(하부서랍형): 12000원
- 가로 100㎝ 미만: 4000원
- 가로 100㎝ 미만(하부서랍형): 6000원
- 가로 150㎝ 미만: 7000원
- 가로 150㎝ 미만(하부서랍형): 9000원
- 가로 200㎝ 미만: 11000원
- 가로 200㎝ 미만(하부서랍형): 13000원
- 가로 200㎝ 이상: 15000원
- 가로 200㎝ 이상(하부서랍형): 17000원

대형 폐기물 배출 신고는 [노원구 대형 폐기물 처리 신청 홈페이지](https://smartclean.nowon.kr/online/bulky/request)에서 가능합니다.

또한, 대형 폐가전제품 및 일부 소형 폐가전제품은 무상 수거 대상이므로, 한국전자제품자원순환공제조합(☎1599-0903)을 통해 무상 방문 수거 신청을 할 수 있습니다.


유리가 포함된 가구의 경우 유리는 별도 처리해야 합니다.

- 긴 면이 50cm마다(두께 8mm 미만) - 1,000원
- 긴 면이 50cm마다(두께 8mm 이상) - 1,500원
"
안락의자,"안녕하세요! 안락의자의 분리배출 가격에 대해 안내드립니다.

안락의자의 분리배출 가격은 다음과 같습니다:

- 1인용: 4000원

대형 폐기물 배출 신고는 [노원구 대형 폐기물 처리 신청 홈페이지](https://smartclean.nowon.kr/online/bulky/request)에서 가능합니다.

또한, 대형 폐가전제품 및 일부 소형 폐가전제품은 무상 수거 대상이므로, 한국전자제품자원순환공제조합(☎1599-0903)을 통해 무상 방문 수거 신청을 할 수 있습니다."
액자,"안녕하세요! 액자의 분리배출 가격에 대해 안내드립니다.

액자의 분리배출 가격은 다음과 같습니다:

- 긴 면이 100㎝ 미만: 2000원
- 긴 면이 150㎝ 미만: 3000원
- 긴 면이 200㎝ 미만: 4000원
- 긴 면이 200㎝ 이상: 5000원
- 긴 면이 20㎝ 미만: 500원
- 긴 면이 50㎝ 미만: 1000원

대형 폐기물 배출 신고는 [노원구 대형 폐기물 처리 신청 홈페이지](https://smartclean.nowon.kr/online/bulky/request)에서 가능합니다.

또한, 대형 폐가전제품 및 일부 소형 폐가전제품은 무상 수거 대상이므로, 한국전자제품자원순환공제조합(☎1599-0903)을 통해 무상 방문 수거 신청을 할 수 있습니다."
야외 나무 테이블,"안녕하세요! 야외 나무 테이블의 분리배출 가격에 대해 안내드립니다.

야외 나무 테이블의 분리배출 가격은 다음과 같습니다:

- 4인 이하: 7000원
- 8인 이하: 12000원

대형 폐기물 배출 신고는 [노원구 대형 폐기물 처리 신청 홈페이지](https://smartclean.nowon.kr/online/bulky/request)에서 가능합니다.

또한, 대형 폐가전제품 및 일부 소형 폐가전제품은 무상 수거 대상이므로, 한국전자제품자원순환공제조합(☎1599-0903)을 통해 무상 방문 수거 신청을 할 수 있습니다."
유리,"안녕하세요! 유리의 분리배출 가격에 대해 안내드립니다.

유리의 분리배출 가격은 다음과 같습니다:

- 긴 면이 50cm 마다(두께 8mm 미만): 1000원
- 긴 면이 50cm 마다(두께 8mm 이상): 1500원

대형 폐기물 배출 신고는 [노원구 대형 폐기물 처리 신청 홈페이지](https://smartclean.nowon.kr/online/bulky/request)에서 가능합니다.

또한, 대형 폐가전제품 및 일부 소형 폐가전제품은 무상 수거 대상이므로, 한국전자제품자원순환공제조합(☎1599-0903)을 통해 무상 방문 수거 신청을 할 수 있습니다.


유리가 포함된 가구의 경우 유리는 별도 처리해야 합니다.

- 긴 면이 50cm마다(두께 8mm 미만) - 1,000원
- 긴 면이 50cm마다(두께 8mm 이상) - 1,500원
"
의자 허리받침대,"안녕하세요! 의자 허리받침대의 분리배출 가격에 대해 안내드립니다.

의자 허리받침대의 분리배출 가격은 다음과 같습니다:

- 모든 규격: 1000원

대형 폐기물 배출 신고는 [노원구 대형 폐기물 처리 신청 홈페이지](https://smartclean.nowon.kr/online/bulky/request)에서 가능합니다.

또한, 대형 폐가전제품 및 일부 소형 폐가전제품은 무상 수거 대상이므로, 한국전자제품자원순환공제조합(☎1599-0903)을 통해 무상 방문 수거 신청을 할 수 있습니다."
일반거울,"안녕하세요! 일반거울의 분리배출 가격에 대해 안내드립니다.

일반거울의 분리배출 가격은 다음과 같습니다:

- 가장 긴 면이 50cm마다: 1000원

대형 폐기물 배출 신고는 [노원구 대형 폐기물 처리 신청 홈페이지](https://smartclean.nowon.kr/online/bulky/request)에서 가능합니다.

또한, 대형 폐가전제품 및 일부 소형 폐가전제품은 무상 수거 대상이므로, 한국전자제품자원순환공제조합(☎1599-0903)을 통해 무상 방문 수거 신청을 할 수 있습니다."
일반소파,"안녕하세요! 일반소파의 분리배출 가격에 대해 안내드립니다.

일반소파의 분리배출 가격은 다음과 같습니다:

- 1인용: 3000원
- 2인용: 5000원
- 3인용: 8000원
- 4인용 이상: 10000원
- 1인용: 5000원
- 2인용: 7000원
- 3인용: 11000원
- 4인용 이상: 15000원

대형 폐기물 배출 신고는 [노원구 대형 폐기물 처리 신청 홈페이지](https://smartclean.nowon.kr/online/bulky/request)에서 가능합니다.

또한, 대형 폐가전제품 및 일부 소형 폐가전제품은 무상 수거 대상이므로, 한국전자제품자원순환공제조합(☎1599-0903)을 통해 무상 방문 수거 신청을 할 수 있습니다."
일반식탁 *유리별도,"안녕하세요! 일반식탁 *유리별도의 분리배출 가격에 대해 안내드립니다.

일반식탁 *유리별도의 분리배출 가격은 다음과 같습니다:

- 1~2인용: 3000원
- 4인용: 4000원
- 6인용: 5000원
- 8인용: 6000원

대형 폐기물 배출 신고는 [노원구 대형 폐기물 처리 신청 홈페이지](https://smartclean.nowon.kr/online/bulky/request)에서 가능합니다.

또한, 대형 폐가전제품 및 일부 소형 폐가전제품은 무상 수거 대상이므로, 한국전자제품자원순환공제조합(☎1599-0903)을 통해 무상 방문 수거 신청을 할 수 있습니다.


유리가 포함된 가구의 경우 유리는 별도 처리해야 합니다.

- 긴 면이 50cm마다(두께 8mm 미만) - 1,000원
- 긴 면이 50cm마다(두께 8mm 이상) - 1,500원
"
일반의자,"안녕하세요! 일반의자의 분리배출 가격에 대해 안내드립니다.

일반의자의 분리배출 가격은 다음과 같습니다:

- 1인용: 2000원
- 2인용: 3000원
- 3인용 이상: 5000원

대형 폐기물 배출 신고는 [노원구 대형 폐기물 처리 신청 홈페이지](https://smartclean.nowon.kr/online/bulky/request)에서 가능합니다.

또한, 대형 폐가전제품 및 일부 소형 폐가전제품은 무상 수거 대상이므로, 한국전자제품자원순환공제조합(☎1599-0903)을 통해 무상 방문 수거 신청을 할 수 있습니다."
일반책상 *유리별도,"안녕하세요! 일반책상 *유리별도의 분리배출 가격에 대해 안내드립니다.

일반책상 *유리별도의 분리배출 가격은 다음과 같습니다:

- h형책상(상판+책장): 7000원
- h형책상(상판+책장+서랍): 10000원
- 서랍없음: 3000원
- 양쪽서랍형: 7000원
- 한쪽서랍형: 5000원

대형 폐기물 배출 신고는 [노원구 대형 폐기물 처리 신청 홈페이지](https://smartclean.nowon.kr/online/bulky/request)에서 가능합니다.

또한, 대형 폐가전제품 및 일부 소형 폐가전제품은 무상 수거 대상이므로, 한국전자제품자원순환공제조합(☎1599-0903)을 통해 무상 방문 수거 신청을 할 수 있습니다.


유리가 포함된 가구의 경우 유리는 별도 처리해야 합니다.

- 긴 면이 50cm마다(두께 8mm 미만) - 1,000원
- 긴 면이 50cm마다(두께 8mm 이상) - 1,500원
"
입식탁자 *유리별도,"안녕하세요! 입식탁자 *유리별도의 분리배출 가격에 대해 안내드립니다.

입식탁자 *유리별도의 분리배출 가격은 다음과 같습니다:

- 긴 면이 1m 미만: 3000원
- 긴 면이 1m 미만(대리석): 4000원
- 긴 면이 1m 이상: 5000원
- 긴 면이 1m 이상(대리석): 7000원

대형 폐기물 배출 신고는 [노원구 대형 폐기물 처리 신청 홈페이지](https://smartclean.nowon.kr/online/bulky/request)에서 가능합니다.

또한, 대형 폐가전제품 및 일부 소형 폐가전제품은 무상 수거 대상이므로, 한국전자제품자원순환공제조합(☎1599-0903)을 통해 무상 방문 수거 신청을 할 수 있습니다.


유리가 포함된 가구의 경우 유리는 별도 처리해야 합니다.

- 긴 면이 50cm마다(두께 8mm 미만) - 1,000원
- 긴 면이 50cm마다(두께 8mm 이상) - 1,500원
"
장롱,"안녕하세요! 장롱의 분리배출 가격에 대해 안내드립니다.

장롱의 분리배출 가격은 다음과 같습니다:

- 비키니옷장(간이옷장): 3000원
- 폭 30㎝당(높이 150㎝ 미만): 2500원
- 폭 30㎝당(높이 180㎝ 미만): 3500원
- 폭 30㎝당(높이 210㎝ 미만): 4000원
- 폭 30㎝당(높이 210㎝ 이상)/붙박이장: 5000원

대형 폐기물 배출 신고는 [노원구 대형 폐기물 처리 신청 홈페이지](https://smartclean.nowon.kr/online/bulky/request)에서 가능합니다.

또한, 대형 폐가전제품 및 일부 소형 폐가전제품은 무상 수거 대상이므로, 한국전자제품자원순환공제조합(☎1599-0903)을 통해 무상 방문 수거 신청을 할 수 있습니다."
옷장 *유리별도,"안녕하세요! 옷장 *유리별도의 분리배출 가격에 대해 안내드립니다.

옷장 *유리별도의 분리배출 가격은 다음과 같습니다:

- 비키니옷장(간이옷장): 3000원
- 폭 30㎝당(높이 150㎝ 미만): 2500원
- 폭 30㎝당(높이 180㎝ 미만): 3500원
- 폭 30㎝당(높이 210㎝ 미만): 4000원
- 폭 30㎝당(높이 210㎝ 이상)/붙박이장: 5000원

대형 폐기물 배출 신고는 [노원구 대형 폐기물 처리 신청 홈페이지](https://smartclean.nowon.kr/online/bulky/request)에서 가능합니다.

또한, 대형 폐가전제품 및 일부 소형 폐가전제품은 무상 수거 대상이므로, 한국전자제품자원순환공제조합(☎1599-0903)을 통해 무상 방문 수거 신청을 할 수 있습니다.


유리가 포함된 가구의 경우 유리는 별도 처리해야 합니다.

- 긴 면이 50cm마다(두께 8mm 미만) - 1,000원
- 긴 면이 50cm마다(두께 8mm 이상) - 1,500원
"
장식장,"안녕하세요! 장식장의 분리배출 가격에 대해 안내드립니다.

장식장의 분리배출 가격은 다음과 같습니다:

- 긴 면이 100㎝ 미만: 4000원
- 긴 면이 150㎝ 미만: 6000원
- 긴 면이 200㎝ 미만: 8000원
- 긴 면이 200㎝ 이상: 10000원
- 긴 면이 50㎝ 미만: 2000원

대형 폐기물 배출 신고는 [노원구 대형 폐기물 처리 신청 홈페이지](https://smartclean.nowon.kr/online/bulky/request)에서 가능합니다.

또한, 대형 폐가전제품 및 일부 소형 폐가전제품은 무상 수거 대상이므로, 한국전자제품자원순환공제조합(☎1599-0903)을 통해 무상 방문 수거 신청을 할 수 있습니다."
장의자,"안녕하세요! 장의자의 분리배출 가격에 대해 안내드립니다.

장의자의 분리배출 가격은 다음과 같습니다:

- 2인용: 3000원
- 3인용: 5000원
- 4인용 이상: 9000원
- 피아노의자: 2000원

대형 폐기물 배출 신고는 [노원구 대형 폐기물 처리 신청 홈페이지](https://smartclean.nowon.kr/online/bulky/request)에서 가능합니다.

또한, 대형 폐가전제품 및 일부 소형 폐가전제품은 무상 수거 대상이므로, 한국전자제품자원순환공제조합(☎1599-0903)을 통해 무상 방문 수거 신청을 할 수 있습니다."
저상침대,"안녕하세요! 저상침대의 분리배출 가격에 대해 안내드립니다.

저상침대의 분리배출 가격은 다음과 같습니다:

- 패밀리: 35000원

대형 폐기물 배출 신고는 [노원구 대형 폐기물 처리 신청 홈페이지](https://smartclean.nowon.kr/online/bulky/request)에서 가능합니다.

또한, 대형 폐가전제품 및 일부 소형 폐가전제품은 무상 수거 대상이므로, 한국전자제품자원순환공제조합(☎1599-0903)을 통해 무상 방문 수거 신청을 할 수 있습니다."
전신거울,"안녕하세요! 전신거울의 분리배출 가격에 대해 안내드립니다.

전신거울의 분리배출 가격은 다음과 같습니다:

- 폭 50㎝ 마다: 2000원

대형 폐기물 배출 신고는 [노원구 대형 폐기물 처리 신청 홈페이지](https://smartclean.nowon.kr/online/bulky/request)에서 가능합니다.

또한, 대형 폐가전제품 및 일부 소형 폐가전제품은 무상 수거 대상이므로, 한국전자제품자원순환공제조합(☎1599-0903)을 통해 무상 방문 수거 신청을 할 수 있습니다."
접이식 간이 침대,"안녕하세요! 접이식 간이 침대의 분리배출 가격에 대해 안내드립니다.

접이식 간이 침대의 분리배출 가격은 다음과 같습니다:

- 1인용: 5000원
- 2인용: 8000원

대형 폐기물 배출 신고는 [노원구 대형 폐기물 처리 신청 홈페이지](https://smartclean.nowon.kr/online/bulky/request)에서 가능합니다.

또한, 대형 폐가전제품 및 일부 소형 폐가전제품은 무상 수거 대상이므로, 한국전자제품자원순환공제조합(☎1599-0903)을 통해 무상 방문 수거 신청을 할 수 있습니다."
좌식의자,"안녕하세요! 좌식의자의 분리배출 가격에 대해 안내드립니다.

좌식의자의 분리배출 가격은 다음과 같습니다:

- 모든 규격: 1000원

대형 폐기물 배출 신고는 [노원구 대형 폐기물 처리 신청 홈페이지](https://smartclean.nowon.kr/online/bulky/request)에서 가능합니다.

또한, 대형 폐가전제품 및 일부 소형 폐가전제품은 무상 수거 대상이므로, 한국전자제품자원순환공제조합(☎1599-0903)을 통해 무상 방문 수거 신청을 할 수 있습니다."
간이의자,"안녕하세요! 간이의자의 분리배출 가격에 대해 안내드립니다.

간이의자의 분리배출 가격은 다음과 같습니다:

- 모든 규격: 1000원

대형 폐기물 배출 신고는 [노원구 대형 폐기물 처리 신청 홈페이지](https://smartclean.nowon.kr/online/bulky/request)에서 가능합니다.

또한, 대형 폐가전제품 및 일부 소형 폐가전제품은 무상 수거 대상이므로, 한국전자제품자원순환공제조합(☎1599-0903)을 통해 무상 방문 수거 신청을 할 수 있습니다."
좌식탁자 *유리별도,"안녕하세요! 좌식탁자 *유리별도의 분리배출 가격에 대해 안내드립니다.

좌식탁자 *유리별도의 분리배출 가격은 다음과 같습니다:

- 긴 면이 1m 미만: 2000원
- 긴 면이 1m 미만(대리석): 2500원
- 긴 면이 1m 이상: 3000원
- 긴 면이 1m 이상(대리석): 5000원

대형 폐기물 배출 신고는 [노원구 대형 폐기물 처리 신청 홈페이지](https://smartclean.nowon.kr/online/bulky/request)에서 가능합니다.

또한, 대형 폐가전제품 및 일부 소형 폐가전제품은 무상 수거 대상이므로, 한국전자제품자원순환공제조합(☎1599-0903)을 통해 무상 방문 수거 신청을 할 수 있습니다.


유리가 포함된 가구의 경우 유리는 별도 처리해야 합니다.

- 긴 면이 50cm마다(두께 8mm 미만) - 1,000원
- 긴 면이 50cm마다(두께 8mm 이상) - 1,500원
"
진열대,"안녕하세요! 진열대의 분리배출 가격에 대해 안내드립니다.

진열대의 분리배출 가격은 다음과 같습니다:

- 가로 1m 미만: 4000원
- 가로 2m 미만: 7000원
- 가로 2m 이상: 10000원
- 프레임(가로 1m 미만): 3000원
- 프레임(가로 2m 미만): 5000원
- 프레임(가로 2m 이상): 7000원

대형 폐기물 배출 신고는 [노원구 대형 폐기물 처리 신청 홈페이지](https://smartclean.nowon.kr/online/bulky/request)에서 가능합니다.

또한, 대형 폐가전제품 및 일부 소형 폐가전제품은 무상 수거 대상이므로, 한국전자제품자원순환공제조합(☎1599-0903)을 통해 무상 방문 수거 신청을 할 수 있습니다."
진열장,"안녕하세요! 진열장의 분리배출 가격에 대해 안내드립니다.

진열장의 분리배출 가격은 다음과 같습니다:

- 가로 1m 미만: 4000원
- 가로 2m 미만: 7000원
- 가로 2m 이상: 10000원
- 프레임(가로 1m 미만): 3000원
- 프레임(가로 2m 미만): 5000원
- 프레임(가로 2m 이상): 7000원

대형 폐기물 배출 신고는 [노원구 대형 폐기물 처리 신청 홈페이지](https://smartclean.nowon.kr/online/bulky/request)에서 가능합니다.

또한, 대형 폐가전제품 및 일부 소형 폐가전제품은 무상 수거 대상이므로, 한국전자제품자원순환공제조합(☎1599-0903)을 통해 무상 방문 수거 신청을 할 수 있습니다."
쇼케이스,"안녕하세요! 쇼케이스의 분리배출 가격에 대해 안내드립니다.

쇼케이스의 분리배출 가격은 다음과 같습니다:

- 가로 1m 미만: 4000원
- 가로 2m 미만: 7000원
- 가로 2m 이상: 10000원
- 프레임(가로 1m 미만): 3000원
- 프레임(가로 2m 미만): 5000원
- 프레임(가로 2m 이상): 7000원

대형 폐기물 배출 신고는 [노원구 대형 폐기물 처리 신청 홈페이지](https://smartclean.nowon.kr/online/bulky/request)에서 가능합니다.

또한, 대형 폐가전제품 및 일부 소형 폐가전제품은 무상 수거 대상이므로, 한국전자제품자원순환공제조합(☎1599-0903)을 통해 무상 방문 수거 신청을 할 수 있습니다."
차탁자,"안녕하세요! 차탁자의 분리배출 가격에 대해 안내드립니다.

차탁자의 분리배출 가격은 다음과 같습니다:

- 모든 규격: 2000원

대형 폐기물 배출 신고는 [노원구 대형 폐기물 처리 신청 홈페이지](https://smartclean.nowon.kr/online/bulky/request)에서 가능합니다.

또한, 대형 폐가전제품 및 일부 소형 폐가전제품은 무상 수거 대상이므로, 한국전자제품자원순환공제조합(☎1599-0903)을 통해 무상 방문 수거 신청을 할 수 있습니다."
다과상,"안녕하세요! 다과상의 분리배출 가격에 대해 안내드립니다.

다과상의 분리배출 가격은 다음과 같습니다:

- 모든 규격: 2000원

대형 폐기물 배출 신고는 [노원구 대형 폐기물 처리 신청 홈페이지](https://smartclean.nowon.kr/online/bulky/request)에서 가능합니다.

또한, 대형 폐가전제품 및 일부 소형 폐가전제품은 무상 수거 대상이므로, 한국전자제품자원순환공제조합(☎1599-0903)을 통해 무상 방문 수거 신청을 할 수 있습니다."
책상상판,"안녕하세요! 책상상판의 분리배출 가격에 대해 안내드립니다.

책상상판의 분리배출 가격은 다음과 같습니다:

- 긴 면이 160㎝ 미만: 2000원
- 긴 면이 160㎝ 이상: 3000원

대형 폐기물 배출 신고는 [노원구 대형 폐기물 처리 신청 홈페이지](https://smartclean.nowon.kr/online/bulky/request)에서 가능합니다.

또한, 대형 폐가전제품 및 일부 소형 폐가전제품은 무상 수거 대상이므로, 한국전자제품자원순환공제조합(☎1599-0903)을 통해 무상 방문 수거 신청을 할 수 있습니다."
책상서랍,"안녕하세요! 책상서랍의 분리배출 가격에 대해 안내드립니다.

책상서랍의 분리배출 가격은 다음과 같습니다:

- 폭 50㎝ 미만: 2000원
- 폭 50㎝ 이상: 3000원

대형 폐기물 배출 신고는 [노원구 대형 폐기물 처리 신청 홈페이지](https://smartclean.nowon.kr/online/bulky/request)에서 가능합니다.

또한, 대형 폐가전제품 및 일부 소형 폐가전제품은 무상 수거 대상이므로, 한국전자제품자원순환공제조합(☎1599-0903)을 통해 무상 방문 수거 신청을 할 수 있습니다."
책장,"안녕하세요! 책장의 분리배출 가격에 대해 안내드립니다.

책장의 분리배출 가격은 다음과 같습니다:

- 긴 면이 100㎝ 미만: 4000원
- 긴 면이 150㎝ 미만: 6000원
- 긴 면이 200㎝ 미만: 8000원
- 긴 면이 200㎝ 이상: 10000원
- 긴 면이 50㎝ 미만: 2000원

대형 폐기물 배출 신고는 [노원구 대형 폐기물 처리 신청 홈페이지](https://smartclean.nowon.kr/online/bulky/request)에서 가능합니다.

또한, 대형 폐가전제품 및 일부 소형 폐가전제품은 무상 수거 대상이므로, 한국전자제품자원순환공제조합(☎1599-0903)을 통해 무상 방문 수거 신청을 할 수 있습니다."
책꽂이,"안녕하세요! 책꽂이의 분리배출 가격에 대해 안내드립니다.

책꽂이의 분리배출 가격은 다음과 같습니다:

- 긴 면이 100㎝ 미만: 4000원
- 긴 면이 150㎝ 미만: 6000원
- 긴 면이 200㎝ 미만: 8000원
- 긴 면이 200㎝ 이상: 10000원
- 긴 면이 50㎝ 미만: 2000원

대형 폐기물 배출 신고는 [노원구 대형 폐기물 처리 신청 홈페이지](https://smartclean.nowon.kr/online/bulky/request)에서 가능합니다.

또한, 대형 폐가전제품 및 일부 소형 폐가전제품은 무상 수거 대상이므로, 한국전자제품자원순환공제조합(☎1599-0903)을 통해 무상 방문 수거 신청을 할 수 있습니다."
침대틀,"안녕하세요! 침대틀의 분리배출 가격에 대해 안내드립니다.

침대틀의 분리배출 가격은 다음과 같습니다:

- 더블: 6000원
- 라지킹/슈퍼킹: 9000원
- 싱글/슈퍼싱글: 5000원
- 측면협탁(개당): 1500원
- 침대헤드(싱글/더블): 2000원
- 침대헤드(퀸/킹): 3000원
- 퀸: 7000원
- 킹: 8000원
- 하부서랍(1칸당): 500원

대형 폐기물 배출 신고는 [노원구 대형 폐기물 처리 신청 홈페이지](https://smartclean.nowon.kr/online/bulky/request)에서 가능합니다.

또한, 대형 폐가전제품 및 일부 소형 폐가전제품은 무상 수거 대상이므로, 한국전자제품자원순환공제조합(☎1599-0903)을 통해 무상 방문 수거 신청을 할 수 있습니다."
침대형 의료기,"안녕하세요! 침대형 의료기의 분리배출 가격에 대해 안내드립니다.

침대형 의료기의 분리배출 가격은 다음과 같습니다:

- 모든 규격: 10000원

대형 폐기물 배출 신고는 [노원구 대형 폐기물 처리 신청 홈페이지](https://smartclean.nowon.kr/online/bulky/request)에서 가능합니다.

또한, 대형 폐가전제품 및 일부 소형 폐가전제품은 무상 수거 대상이므로, 한국전자제품자원순환공제조합(☎1599-0903)을 통해 무상 방문 수거 신청을 할 수 있습니다."
카우치 소파,"안녕하세요! 카우치 소파의 분리배출 가격에 대해 안내드립니다.

카우치 소파의 분리배출 가격은 다음과 같습니다:

- 2인용: 10000원
- 3인용: 15000원
- 4인용: 20000원
- 5인용: 25000원

대형 폐기물 배출 신고는 [노원구 대형 폐기물 처리 신청 홈페이지](https://smartclean.nowon.kr/online/bulky/request)에서 가능합니다.

또한, 대형 폐가전제품 및 일부 소형 폐가전제품은 무상 수거 대상이므로, 한국전자제품자원순환공제조합(☎1599-0903)을 통해 무상 방문 수거 신청을 할 수 있습니다."
캐비닛,"안녕하세요! 캐비닛의 분리배출 가격에 대해 안내드립니다.

캐비닛의 분리배출 가격은 다음과 같습니다:

- 긴 면이 120㎝ 미만: 5000원
- 긴 면이 180㎝ 이상: 6000원
- 긴 면이 60㎝ 미만: 3000원
- 긴 면이 90㎝ 미만: 4000원

대형 폐기물 배출 신고는 [노원구 대형 폐기물 처리 신청 홈페이지](https://smartclean.nowon.kr/online/bulky/request)에서 가능합니다.

또한, 대형 폐가전제품 및 일부 소형 폐가전제품은 무상 수거 대상이므로, 한국전자제품자원순환공제조합(☎1599-0903)을 통해 무상 방문 수거 신청을 할 수 있습니다."
컴퓨터책상 *유리별도,"안녕하세요! 컴퓨터책상 *유리별도의 분리배출 가격에 대해 안내드립니다.

컴퓨터책상 *유리별도의 분리배출 가격은 다음과 같습니다:

- 가로 120㎝ 미만: 4000원
- 가로 120㎝ 이상: 5000원

대형 폐기물 배출 신고는 [노원구 대형 폐기물 처리 신청 홈페이지](https://smartclean.nowon.kr/online/bulky/request)에서 가능합니다.

또한, 대형 폐가전제품 및 일부 소형 폐가전제품은 무상 수거 대상이므로, 한국전자제품자원순환공제조합(☎1599-0903)을 통해 무상 방문 수거 신청을 할 수 있습니다.


유리가 포함된 가구의 경우 유리는 별도 처리해야 합니다.

- 긴 면이 50cm마다(두께 8mm 미만) - 1,000원
- 긴 면이 50cm마다(두께 8mm 이상) - 1,500원
"
코너장,"안녕하세요! 코너장의 분리배출 가격에 대해 안내드립니다.

코너장의 분리배출 가격은 다음과 같습니다:

- 높이 100㎝ 미만: 1000원
- 높이 150㎝ 미만: 2000원
- 높이 150㎝ 이상: 3000원

대형 폐기물 배출 신고는 [노원구 대형 폐기물 처리 신청 홈페이지](https://smartclean.nowon.kr/online/bulky/request)에서 가능합니다.

또한, 대형 폐가전제품 및 일부 소형 폐가전제품은 무상 수거 대상이므로, 한국전자제품자원순환공제조합(☎1599-0903)을 통해 무상 방문 수거 신청을 할 수 있습니다."
파라솔의자,"안녕하세요! 파라솔의자의 분리배출 가격에 대해 안내드립니다.

파라솔의자의 분리배출 가격은 다음과 같습니다:

- 모든 규격: 1000원

대형 폐기물 배출 신고는 [노원구 대형 폐기물 처리 신청 홈페이지](https://smartclean.nowon.kr/online/bulky/request)에서 가능합니다.

또한, 대형 폐가전제품 및 일부 소형 폐가전제품은 무상 수거 대상이므로, 한국전자제품자원순환공제조합(☎1599-0903)을 통해 무상 방문 수거 신청을 할 수 있습니다."
평상,"안녕하세요! 평상의 분리배출 가격에 대해 안내드립니다.

평상의 분리배출 가격은 다음과 같습니다:

- 긴 면이 2m 이하: 10000원
- 긴 면이 3m 이하: 20000원

대형 폐기물 배출 신고는 [노원구 대형 폐기물 처리 신청 홈페이지](https://smartclean.nowon.kr/online/bulky/request)에서 가능합니다.

또한, 대형 폐가전제품 및 일부 소형 폐가전제품은 무상 수거 대상이므로, 한국전자제품자원순환공제조합(☎1599-0903)을 통해 무상 방문 수거 신청을 할 수 있습니다."
플라스틱 수납장,"안녕하세요! 플라스틱 수납장의 분리배출 가격에 대해 안내드립니다.

플라스틱 수납장의 분리배출 가격은 다음과 같습니다:

- 1칸당: 500원

대형 폐기물 배출 신고는 [노원구 대형 폐기물 처리 신청 홈페이지](https://smartclean.nowon.kr/online/bulky/request)에서 가능합니다.

또한, 대형 폐가전제품 및 일부 소형 폐가전제품은 무상 수거 대상이므로, 한국전자제품자원순환공제조합(☎1599-0903)을 통해 무상 방문 수거 신청을 할 수 있습니다."
행거,"안녕하세요! 행거의 분리배출 가격에 대해 안내드립니다.

행거의 분리배출 가격은 다음과 같습니다:

- 1단행거(가로 1m 미만): 1500원
- 1단행거(가로 2m 미만): 2000원
- 1단행거(가로 2m 이상): 3000원
- 2단행거(가로 1m 미만): 2000원
- 2단행거(가로 2m 미만): 4000원
- 2단행거(가로 2m 이상): 6000원
- 벽걸이 접이식 간이형: 1000원
- 스탠드 옷걸이(일자형): 2000원
- 하부서랍(1칸당): 1000원

대형 폐기물 배출 신고는 [노원구 대형 폐기물 처리 신청 홈페이지](https://smartclean.nowon.kr/online/bulky/request)에서 가능합니다.

또한, 대형 폐가전제품 및 일부 소형 폐가전제품은 무상 수거 대상이므로, 한국전자제품자원순환공제조합(☎1599-0903)을 통해 무상 방문 수거 신청을 할 수 있습니다."
옷걸이,"안녕하세요! 옷걸이의 분리배출 가격에 대해 안내드립니다.

옷걸이의 분리배출 가격은 다음과 같습니다:

- 1단행거(가로 1m 미만): 1500원
- 1단행거(가로 2m 미만): 2000원
- 1단행거(가로 2m 이상): 3000원
- 2단행거(가로 1m 미만): 2000원
- 2단행거(가로 2m 미만): 4000원
- 2단행거(가로 2m 이상): 6000원
- 벽걸이 접이식 간이형: 1000원
- 스탠드 옷걸이(일자형): 2000원
- 하부서랍(1칸당): 1000원

대형 폐기물 배출 신고는 [노원구 대형 폐기물 처리 신청 홈페이지](https://smartclean.nowon.kr/online/bulky/request)에서 가능합니다.

또한, 대형 폐가전제품 및 일부 소형 폐가전제품은 무상 수거 대상이므로, 한국전자제품자원순환공제조합(☎1599-0903)을 통해 무상 방문 수거 신청을 할 수 있습니다."
협탁,"안녕하세요! 협탁의 분리배출 가격에 대해 안내드립니다.

협탁의 분리배출 가격은 다음과 같습니다:

- 대리석 협탁: 3000원
- 일반 협탁: 2000원

대형 폐기물 배출 신고는 [노원구 대형 폐기물 처리 신청 홈페이지](https://smartclean.nowon.kr/online/bulky/request)에서 가능합니다.

또한, 대형 폐가전제품 및 일부 소형 폐가전제품은 무상 수거 대상이므로, 한국전자제품자원순환공제조합(☎1599-0903)을 통해 무상 방문 수거 신청을 할 수 있습니다."
화장대 *거울별도,"안녕하세요! 화장대 *거울별도의 분리배출 가격에 대해 안내드립니다.

화장대 *거울별도의 분리배출 가격은 다음과 같습니다:

- 높이 1m 미만: 3000원
- 높이 1m 이상: 4000원
- 화장품대(화장품함): 1000원

대형 폐기물 배출 신고는 [노원구 대형 폐기물 처리 신청 홈페이지](https://smartclean.nowon.kr/online/bulky/request)에서 가능합니다.

또한, 대형 폐가전제품 및 일부 소형 폐가전제품은 무상 수거 대상이므로, 한국전자제품자원순환공제조합(☎1599-0903)을 통해 무상 방문 수거 신청을 할 수 있습니다."
회의용 탁자 *유리별도,"안녕하세요! 회의용 탁자 *유리별도의 분리배출 가격에 대해 안내드립니다.

회의용 탁자 *유리별도의 분리배출 가격은 다음과 같습니다:

- 10인용: 12000원
- 4인용: 6000원
- 6인용: 8000원
- 8인용: 10000원

대형 폐기물 배출 신고는 [노원구 대형 폐기물 처리 신청 홈페이지](https://smartclean.nowon.kr/online/bulky/request)에서 가능합니다.

또한, 대형 폐가전제품 및 일부 소형 폐가전제품은 무상 수거 대상이므로, 한국전자제품자원순환공제조합(☎1599-0903)을 통해 무상 방문 수거 신청을 할 수 있습니다.


유리가 포함된 가구의 경우 유리는 별도 처리해야 합니다.

- 긴 면이 50cm마다(두께 8mm 미만) - 1,000원
- 긴 면이 50cm마다(두께 8mm 이상) - 1,500원
"
회전의자,"안녕하세요! 회전의자의 분리배출 가격에 대해 안내드립니다.

회전의자의 분리배출 가격은 다음과 같습니다:

- 모든 규격: 2000원

대형 폐기물 배출 신고는 [노원구 대형 폐기물 처리 신청 홈페이지](https://smartclean.nowon.kr/online/bulky/request)에서 가능합니다.

또한, 대형 폐가전제품 및 일부 소형 폐가전제품은 무상 수거 대상이므로, 한국전자제품자원순환공제조합(☎1599-0903)을 통해 무상 방문 수거 신청을 할 수 있습니다."
가스레인지 장,"안녕하세요! 가스레인지 장의 분리배출 가격에 대해 안내드립니다.

가스레인지 장의 분리배출 가격은 다음과 같습니다:

- 가정용: 3000원

대형 폐기물 배출 신고는 [노원구 대형 폐기물 처리 신청 홈페이지](https://smartclean.nowon.kr/online/bulky/request)에서 가능합니다.

또한, 대형 폐가전제품 및 일부 소형 폐가전제품은 무상 수거 대상이므로, 한국전자제품자원순환공제조합(☎1599-0903)을 통해 무상 방문 수거 신청을 할 수 있습니다."
가스레인지 후드,"안녕하세요! 가스레인지 후드의 분리배출 가격에 대해 안내드립니다.

가스레인지 후드의 분리배출 가격은 다음과 같습니다:

- 가로 100㎝ 미만: 2000원
- 가로 150㎝ 이상: 3000원
- 가로 50㎝ 미만: 1000원

대형 폐기물 배출 신고는 [노원구 대형 폐기물 처리 신청 홈페이지](https://smartclean.nowon.kr/online/bulky/request)에서 가능합니다.

또한, 대형 폐가전제품 및 일부 소형 폐가전제품은 무상 수거 대상이므로, 한국전자제품자원순환공제조합(☎1599-0903)을 통해 무상 방문 수거 신청을 할 수 있습니다."
김치통,"안녕하세요! 김치통의 분리배출 가격에 대해 안내드립니다.

김치통의 분리배출 가격은 다음과 같습니다:

- 10ℓ 미만: 1000원
- 20ℓ 미만: 2000원

대형 폐기물 배출 신고는 [노원구 대형 폐기물 처리 신청 홈페이지](https://smartclean.nowon.kr/online/bulky/request)에서 가능합니다.

또한, 대형 폐가전제품 및 일부 소형 폐가전제품은 무상 수거 대상이므로, 한국전자제품자원순환공제조합(☎1599-0903)을 통해 무상 방문 수거 신청을 할 수 있습니다."
냄비,"안녕하세요! 냄비의 분리배출 가격에 대해 안내드립니다.

냄비의 분리배출 가격은 다음과 같습니다:

- 일반: 1000원
- 전골, 무쇠: 3000원

대형 폐기물 배출 신고는 [노원구 대형 폐기물 처리 신청 홈페이지](https://smartclean.nowon.kr/online/bulky/request)에서 가능합니다.

또한, 대형 폐가전제품 및 일부 소형 폐가전제품은 무상 수거 대상이므로, 한국전자제품자원순환공제조합(☎1599-0903)을 통해 무상 방문 수거 신청을 할 수 있습니다."
도마,"안녕하세요! 도마의 분리배출 가격에 대해 안내드립니다.

도마의 분리배출 가격은 다음과 같습니다:

- 가정용: 1000원
- 업소용: 2000원

대형 폐기물 배출 신고는 [노원구 대형 폐기물 처리 신청 홈페이지](https://smartclean.nowon.kr/online/bulky/request)에서 가능합니다.

또한, 대형 폐가전제품 및 일부 소형 폐가전제품은 무상 수거 대상이므로, 한국전자제품자원순환공제조합(☎1599-0903)을 통해 무상 방문 수거 신청을 할 수 있습니다."
싱크대 개수대,"안녕하세요! 싱크대 개수대의 분리배출 가격에 대해 안내드립니다.

싱크대 개수대의 분리배출 가격은 다음과 같습니다:

- 개당: 3000원

대형 폐기물 배출 신고는 [노원구 대형 폐기물 처리 신청 홈페이지](https://smartclean.nowon.kr/online/bulky/request)에서 가능합니다.

또한, 대형 폐가전제품 및 일부 소형 폐가전제품은 무상 수거 대상이므로, 한국전자제품자원순환공제조합(☎1599-0903)을 통해 무상 방문 수거 신청을 할 수 있습니다."
싱크대 상부장,"안녕하세요! 싱크대 상부장의 분리배출 가격에 대해 안내드립니다.

싱크대 상부장의 분리배출 가격은 다음과 같습니다:

- 가로 50㎝당: 1500원

대형 폐기물 배출 신고는 [노원구 대형 폐기물 처리 신청 홈페이지](https://smartclean.nowon.kr/online/bulky/request)에서 가능합니다.

또한, 대형 폐가전제품 및 일부 소형 폐가전제품은 무상 수거 대상이므로, 한국전자제품자원순환공제조합(☎1599-0903)을 통해 무상 방문 수거 신청을 할 수 있습니다."
싱크대 식기건조대,"안녕하세요! 싱크대 식기건조대의 분리배출 가격에 대해 안내드립니다.

싱크대 식기건조대의 분리배출 가격은 다음과 같습니다:

- 모든 규격: 1500원

대형 폐기물 배출 신고는 [노원구 대형 폐기물 처리 신청 홈페이지](https://smartclean.nowon.kr/online/bulky/request)에서 가능합니다.

또한, 대형 폐가전제품 및 일부 소형 폐가전제품은 무상 수거 대상이므로, 한국전자제품자원순환공제조합(☎1599-0903)을 통해 무상 방문 수거 신청을 할 수 있습니다."
싱크대 음식물처리기,"안녕하세요! 싱크대 음식물처리기의 분리배출 가격에 대해 안내드립니다.

싱크대 음식물처리기의 분리배출 가격은 다음과 같습니다:

- 개당: 3000원

대형 폐기물 배출 신고는 [노원구 대형 폐기물 처리 신청 홈페이지](https://smartclean.nowon.kr/online/bulky/request)에서 가능합니다.

또한, 대형 폐가전제품 및 일부 소형 폐가전제품은 무상 수거 대상이므로, 한국전자제품자원순환공제조합(☎1599-0903)을 통해 무상 방문 수거 신청을 할 수 있습니다."
싱크대 하부장,"안녕하세요! 싱크대 하부장의 분리배출 가격에 대해 안내드립니다.

싱크대 하부장의 분리배출 가격은 다음과 같습니다:

- 가로 50㎝당(대리석): 4000원
- 가로 50㎝당(일반): 2000원

대형 폐기물 배출 신고는 [노원구 대형 폐기물 처리 신청 홈페이지](https://smartclean.nowon.kr/online/bulky/request)에서 가능합니다.

또한, 대형 폐가전제품 및 일부 소형 폐가전제품은 무상 수거 대상이므로, 한국전자제품자원순환공제조합(☎1599-0903)을 통해 무상 방문 수거 신청을 할 수 있습니다."
쌀통,"안녕하세요! 쌀통의 분리배출 가격에 대해 안내드립니다.

쌀통의 분리배출 가격은 다음과 같습니다:

- 원목: 5000원
- 일반형: 3000원

대형 폐기물 배출 신고는 [노원구 대형 폐기물 처리 신청 홈페이지](https://smartclean.nowon.kr/online/bulky/request)에서 가능합니다.

또한, 대형 폐가전제품 및 일부 소형 폐가전제품은 무상 수거 대상이므로, 한국전자제품자원순환공제조합(☎1599-0903)을 통해 무상 방문 수거 신청을 할 수 있습니다."
전자레인지 장,"안녕하세요! 전자레인지 장의 분리배출 가격에 대해 안내드립니다.

전자레인지 장의 분리배출 가격은 다음과 같습니다:

- 긴 면이 100㎝ 미만: 3000원
- 긴 면이 150㎝ 미만: 5000원
- 긴 면이 50㎝ 미만: 2000원

대형 폐기물 배출 신고는 [노원구 대형 폐기물 처리 신청 홈페이지](https://smartclean.nowon.kr/online/bulky/request)에서 가능합니다.

또한, 대형 폐가전제품 및 일부 소형 폐가전제품은 무상 수거 대상이므로, 한국전자제품자원순환공제조합(☎1599-0903)을 통해 무상 방문 수거 신청을 할 수 있습니다."
주방매트,"안녕하세요! 주방매트의 분리배출 가격에 대해 안내드립니다.

주방매트의 분리배출 가격은 다음과 같습니다:

- 모든 규격: 2000원

대형 폐기물 배출 신고는 [노원구 대형 폐기물 처리 신청 홈페이지](https://smartclean.nowon.kr/online/bulky/request)에서 가능합니다.

또한, 대형 폐가전제품 및 일부 소형 폐가전제품은 무상 수거 대상이므로, 한국전자제품자원순환공제조합(☎1599-0903)을 통해 무상 방문 수거 신청을 할 수 있습니다."
찬장,"안녕하세요! 찬장의 분리배출 가격에 대해 안내드립니다.

찬장의 분리배출 가격은 다음과 같습니다:

- 긴 면이 100㎝ 미만: 5000원
- 긴 면이 150㎝ 미만: 7000원
- 긴 면이 150㎝ 이상: 9000원
- 긴 면이 50㎝ 미만: 3000원

대형 폐기물 배출 신고는 [노원구 대형 폐기물 처리 신청 홈페이지](https://smartclean.nowon.kr/online/bulky/request)에서 가능합니다.

또한, 대형 폐가전제품 및 일부 소형 폐가전제품은 무상 수거 대상이므로, 한국전자제품자원순환공제조합(☎1599-0903)을 통해 무상 방문 수거 신청을 할 수 있습니다."
프라이팬,"안녕하세요! 프라이팬의 분리배출 가격에 대해 안내드립니다.

프라이팬의 분리배출 가격은 다음과 같습니다:

- 모든 규격: 1000원

대형 폐기물 배출 신고는 [노원구 대형 폐기물 처리 신청 홈페이지](https://smartclean.nowon.kr/online/bulky/request)에서 가능합니다.

또한, 대형 폐가전제품 및 일부 소형 폐가전제품은 무상 수거 대상이므로, 한국전자제품자원순환공제조합(☎1599-0903)을 통해 무상 방문 수거 신청을 할 수 있습니다."
항아리,"안녕하세요! 항아리의 분리배출 가격에 대해 안내드립니다.

항아리의 분리배출 가격은 다음과 같습니다:

- 100ℓ 미만: 3000원
- 100ℓ 이상: 5000원

대형 폐기물 배출 신고는 [노원구 대형 폐기물 처리 신청 홈페이지](https://smartclean.nowon.kr/online/bulky/request)에서 가능합니다.

또한, 대형 폐가전제품 및 일부 소형 폐가전제품은 무상 수거 대상이므로, 한국전자제품자원순환공제조합(☎1599-0903)을 통해 무상 방문 수거 신청을 할 수 있습니다."
김장독,"안녕하세요! 김장독의 분리배출 가격에 대해 안내드립니다.

김장독의 분리배출 가격은 다음과 같습니다:

- 100ℓ 미만: 3000원
- 100ℓ 이상: 5000원

대형 폐기물 배출 신고는 [노원구 대형 폐기물 처리 신청 홈페이지](https://smartclean.nowon.kr/online/bulky/request)에서 가능합니다.

또한, 대형 폐가전제품 및 일부 소형 폐가전제품은 무상 수거 대상이므로, 한국전자제품자원순환공제조합(☎1599-0903)을 통해 무상 방문 수거 신청을 할 수 있습니다."
환풍기,"안녕하세요! 환풍기의 분리배출 가격에 대해 안내드립니다.

환풍기의 분리배출 가격은 다음과 같습니다:

- 가정용: 2000원

대형 폐기물 배출 신고는 [노원구 대형 폐기물 처리 신청 홈페이지](https://smartclean.nowon.kr/online/bulky/request)에서 가능합니다.

또한, 대형 폐가전제품 및 일부 소형 폐가전제품은 무상 수거 대상이므로, 한국전자제품자원순환공제조합(☎1599-0903)을 통해 무상 방문 수거 신청을 할 수 있습니다."
대야,"안녕하세요! 대야의 분리배출 가격에 대해 안내드립니다.

대야의 분리배출 가격은 다음과 같습니다:

- 세숫대야: 1000원
- 지름 1m 미만: 1000원
- 지름 1m 이상: 2000원

대형 폐기물 배출 신고는 [노원구 대형 폐기물 처리 신청 홈페이지](https://smartclean.nowon.kr/online/bulky/request)에서 가능합니다.

또한, 대형 폐가전제품 및 일부 소형 폐가전제품은 무상 수거 대상이므로, 한국전자제품자원순환공제조합(☎1599-0903)을 통해 무상 방문 수거 신청을 할 수 있습니다."
반신욕조,"안녕하세요! 반신욕조의 분리배출 가격에 대해 안내드립니다.

반신욕조의 분리배출 가격은 다음과 같습니다:

- 모든 규격: 5000원

대형 폐기물 배출 신고는 [노원구 대형 폐기물 처리 신청 홈페이지](https://smartclean.nowon.kr/online/bulky/request)에서 가능합니다.

또한, 대형 폐가전제품 및 일부 소형 폐가전제품은 무상 수거 대상이므로, 한국전자제품자원순환공제조합(☎1599-0903)을 통해 무상 방문 수거 신청을 할 수 있습니다."
반신욕기,"안녕하세요! 반신욕기의 분리배출 가격에 대해 안내드립니다.

반신욕기의 분리배출 가격은 다음과 같습니다:

- 모든 규격: 5000원

대형 폐기물 배출 신고는 [노원구 대형 폐기물 처리 신청 홈페이지](https://smartclean.nowon.kr/online/bulky/request)에서 가능합니다.

또한, 대형 폐가전제품 및 일부 소형 폐가전제품은 무상 수거 대상이므로, 한국전자제품자원순환공제조합(☎1599-0903)을 통해 무상 방문 수거 신청을 할 수 있습니다."
발판,"안녕하세요! 발판의 분리배출 가격에 대해 안내드립니다.

발판의 분리배출 가격은 다음과 같습니다:

- 모든 규격: 1000원

대형 폐기물 배출 신고는 [노원구 대형 폐기물 처리 신청 홈페이지](https://smartclean.nowon.kr/online/bulky/request)에서 가능합니다.

또한, 대형 폐가전제품 및 일부 소형 폐가전제품은 무상 수거 대상이므로, 한국전자제품자원순환공제조합(☎1599-0903)을 통해 무상 방문 수거 신청을 할 수 있습니다."
세면대,"안녕하세요! 세면대의 분리배출 가격에 대해 안내드립니다.

세면대의 분리배출 가격은 다음과 같습니다:

- 상부(물받이): 3000원
- 하부(배관부): 2000원

대형 폐기물 배출 신고는 [노원구 대형 폐기물 처리 신청 홈페이지](https://smartclean.nowon.kr/online/bulky/request)에서 가능합니다.

또한, 대형 폐가전제품 및 일부 소형 폐가전제품은 무상 수거 대상이므로, 한국전자제품자원순환공제조합(☎1599-0903)을 통해 무상 방문 수거 신청을 할 수 있습니다."
소변기,"안녕하세요! 소변기의 분리배출 가격에 대해 안내드립니다.

소변기의 분리배출 가격은 다음과 같습니다:

- 대형: 7000원
- 소형: 5000원

대형 폐기물 배출 신고는 [노원구 대형 폐기물 처리 신청 홈페이지](https://smartclean.nowon.kr/online/bulky/request)에서 가능합니다.

또한, 대형 폐가전제품 및 일부 소형 폐가전제품은 무상 수거 대상이므로, 한국전자제품자원순환공제조합(☎1599-0903)을 통해 무상 방문 수거 신청을 할 수 있습니다."
양변기,"안녕하세요! 양변기의 분리배출 가격에 대해 안내드립니다.

양변기의 분리배출 가격은 다음과 같습니다:

- 변기물통: 4000원
- 변기커버: 1000원
- 변기통: 5000원
- 세트(변기+물통+커버): 10000원

대형 폐기물 배출 신고는 [노원구 대형 폐기물 처리 신청 홈페이지](https://smartclean.nowon.kr/online/bulky/request)에서 가능합니다.

또한, 대형 폐가전제품 및 일부 소형 폐가전제품은 무상 수거 대상이므로, 한국전자제품자원순환공제조합(☎1599-0903)을 통해 무상 방문 수거 신청을 할 수 있습니다."
연수기,"안녕하세요! 연수기의 분리배출 가격에 대해 안내드립니다.

연수기의 분리배출 가격은 다음과 같습니다:

- 모든 규격: 3000원

대형 폐기물 배출 신고는 [노원구 대형 폐기물 처리 신청 홈페이지](https://smartclean.nowon.kr/online/bulky/request)에서 가능합니다.

또한, 대형 폐가전제품 및 일부 소형 폐가전제품은 무상 수거 대상이므로, 한국전자제품자원순환공제조합(☎1599-0903)을 통해 무상 방문 수거 신청을 할 수 있습니다."
욕실장,"안녕하세요! 욕실장의 분리배출 가격에 대해 안내드립니다.

욕실장의 분리배출 가격은 다음과 같습니다:

- 긴 면이 1m 미만: 3000원
- 긴 면이 1m 이상: 4000원
- 수건함: 2000원

대형 폐기물 배출 신고는 [노원구 대형 폐기물 처리 신청 홈페이지](https://smartclean.nowon.kr/online/bulky/request)에서 가능합니다.

또한, 대형 폐가전제품 및 일부 소형 폐가전제품은 무상 수거 대상이므로, 한국전자제품자원순환공제조합(☎1599-0903)을 통해 무상 방문 수거 신청을 할 수 있습니다."
일반욕조,"안녕하세요! 일반욕조의 분리배출 가격에 대해 안내드립니다.

일반욕조의 분리배출 가격은 다음과 같습니다:

- 가정용: 8000원

대형 폐기물 배출 신고는 [노원구 대형 폐기물 처리 신청 홈페이지](https://smartclean.nowon.kr/online/bulky/request)에서 가능합니다.

또한, 대형 폐가전제품 및 일부 소형 폐가전제품은 무상 수거 대상이므로, 한국전자제품자원순환공제조합(☎1599-0903)을 통해 무상 방문 수거 신청을 할 수 있습니다."
좌변기,"안녕하세요! 좌변기의 분리배출 가격에 대해 안내드립니다.

좌변기의 분리배출 가격은 다음과 같습니다:

- 모든 규격: 5000원

대형 폐기물 배출 신고는 [노원구 대형 폐기물 처리 신청 홈페이지](https://smartclean.nowon.kr/online/bulky/request)에서 가능합니다.

또한, 대형 폐가전제품 및 일부 소형 폐가전제품은 무상 수거 대상이므로, 한국전자제품자원순환공제조합(☎1599-0903)을 통해 무상 방문 수거 신청을 할 수 있습니다."
고무매트,"안녕하세요! 고무매트의 분리배출 가격에 대해 안내드립니다.

고무매트의 분리배출 가격은 다음과 같습니다:

- 3.3㎡당: 3000원

대형 폐기물 배출 신고는 [노원구 대형 폐기물 처리 신청 홈페이지](https://smartclean.nowon.kr/online/bulky/request)에서 가능합니다.

또한, 대형 폐가전제품 및 일부 소형 폐가전제품은 무상 수거 대상이므로, 한국전자제품자원순환공제조합(☎1599-0903)을 통해 무상 방문 수거 신청을 할 수 있습니다."
고무장판,"안녕하세요! 고무장판의 분리배출 가격에 대해 안내드립니다.

고무장판의 분리배출 가격은 다음과 같습니다:

- 3.3㎡당: 3000원

대형 폐기물 배출 신고는 [노원구 대형 폐기물 처리 신청 홈페이지](https://smartclean.nowon.kr/online/bulky/request)에서 가능합니다.

또한, 대형 폐가전제품 및 일부 소형 폐가전제품은 무상 수거 대상이므로, 한국전자제품자원순환공제조합(☎1599-0903)을 통해 무상 방문 수거 신청을 할 수 있습니다."
퍼즐매트,"안녕하세요! 퍼즐매트의 분리배출 가격에 대해 안내드립니다.

퍼즐매트의 분리배출 가격은 다음과 같습니다:

- 3.3㎡당: 3000원

대형 폐기물 배출 신고는 [노원구 대형 폐기물 처리 신청 홈페이지](https://smartclean.nowon.kr/online/bulky/request)에서 가능합니다.

또한, 대형 폐가전제품 및 일부 소형 폐가전제품은 무상 수거 대상이므로, 한국전자제품자원순환공제조합(☎1599-0903)을 통해 무상 방문 수거 신청을 할 수 있습니다."
담요,"안녕하세요! 담요의 분리배출 가격에 대해 안내드립니다.

담요의 분리배출 가격은 다음과 같습니다:

- 1인용: 1000원
- 2인용: 2000원

대형 폐기물 배출 신고는 [노원구 대형 폐기물 처리 신청 홈페이지](https://smartclean.nowon.kr/online/bulky/request)에서 가능합니다.

또한, 대형 폐가전제품 및 일부 소형 폐가전제품은 무상 수거 대상이므로, 한국전자제품자원순환공제조합(☎1599-0903)을 통해 무상 방문 수거 신청을 할 수 있습니다."
전기담요,"안녕하세요! 전기담요의 분리배출 가격에 대해 안내드립니다.

전기담요의 분리배출 가격은 다음과 같습니다:

- 1인용: 1000원
- 2인용: 2000원

대형 폐기물 배출 신고는 [노원구 대형 폐기물 처리 신청 홈페이지](https://smartclean.nowon.kr/online/bulky/request)에서 가능합니다.

또한, 대형 폐가전제품 및 일부 소형 폐가전제품은 무상 수거 대상이므로, 한국전자제품자원순환공제조합(☎1599-0903)을 통해 무상 방문 수거 신청을 할 수 있습니다."
돗자리,"안녕하세요! 돗자리의 분리배출 가격에 대해 안내드립니다.

돗자리의 분리배출 가격은 다음과 같습니다:

- 10㎏ 미만: 2000원
- 20㎏ 미만: 3000원
- 20㎏ 이상: 5000원

대형 폐기물 배출 신고는 [노원구 대형 폐기물 처리 신청 홈페이지](https://smartclean.nowon.kr/online/bulky/request)에서 가능합니다.

또한, 대형 폐가전제품 및 일부 소형 폐가전제품은 무상 수거 대상이므로, 한국전자제품자원순환공제조합(☎1599-0903)을 통해 무상 방문 수거 신청을 할 수 있습니다."
매트,"안녕하세요! 매트의 분리배출 가격에 대해 안내드립니다.

매트의 분리배출 가격은 다음과 같습니다:

- 1인용(두께 10㎝ 이하): 4000원
- 1인용(두께 5㎝ 이하): 3000원
- 2인용(두께 10㎝ 이하): 5000원
- 2인용(두께 5㎝ 이하): 4000원

대형 폐기물 배출 신고는 [노원구 대형 폐기물 처리 신청 홈페이지](https://smartclean.nowon.kr/online/bulky/request)에서 가능합니다.

또한, 대형 폐가전제품 및 일부 소형 폐가전제품은 무상 수거 대상이므로, 한국전자제품자원순환공제조합(☎1599-0903)을 통해 무상 방문 수거 신청을 할 수 있습니다."
모기장,"안녕하세요! 모기장의 분리배출 가격에 대해 안내드립니다.

모기장의 분리배출 가격은 다음과 같습니다:

- 커튼형(3.3㎡당): 1000원
- 텐트형(2인용 이하): 2000원
- 텐트형(4인용 이하): 3000원
- 텐트형(5인용 이상): 4000원

대형 폐기물 배출 신고는 [노원구 대형 폐기물 처리 신청 홈페이지](https://smartclean.nowon.kr/online/bulky/request)에서 가능합니다.

또한, 대형 폐가전제품 및 일부 소형 폐가전제품은 무상 수거 대상이므로, 한국전자제품자원순환공제조합(☎1599-0903)을 통해 무상 방문 수거 신청을 할 수 있습니다."
발매트,"안녕하세요! 발매트의 분리배출 가격에 대해 안내드립니다.

발매트의 분리배출 가격은 다음과 같습니다:

- 일반매트: 1000원
- 특수매트(규조토 등): 2000원

대형 폐기물 배출 신고는 [노원구 대형 폐기물 처리 신청 홈페이지](https://smartclean.nowon.kr/online/bulky/request)에서 가능합니다.

또한, 대형 폐가전제품 및 일부 소형 폐가전제품은 무상 수거 대상이므로, 한국전자제품자원순환공제조합(☎1599-0903)을 통해 무상 방문 수거 신청을 할 수 있습니다."
방석,"안녕하세요! 방석의 분리배출 가격에 대해 안내드립니다.

방석의 분리배출 가격은 다음과 같습니다:

- 일반방석(겨울): 1000원
- 일반방석(여름): 500원
- 전기(온열)방석: 1000원

대형 폐기물 배출 신고는 [노원구 대형 폐기물 처리 신청 홈페이지](https://smartclean.nowon.kr/online/bulky/request)에서 가능합니다.

또한, 대형 폐가전제품 및 일부 소형 폐가전제품은 무상 수거 대상이므로, 한국전자제품자원순환공제조합(☎1599-0903)을 통해 무상 방문 수거 신청을 할 수 있습니다."
베개,"안녕하세요! 베개의 분리배출 가격에 대해 안내드립니다.

베개의 분리배출 가격은 다음과 같습니다:

- 가로 70㎝ 이하: 1000원
- 가로 70㎝ 초과: 1500원
- 베개솜: 1000원
- 아기베개: 500원

대형 폐기물 배출 신고는 [노원구 대형 폐기물 처리 신청 홈페이지](https://smartclean.nowon.kr/online/bulky/request)에서 가능합니다.

또한, 대형 폐가전제품 및 일부 소형 폐가전제품은 무상 수거 대상이므로, 한국전자제품자원순환공제조합(☎1599-0903)을 통해 무상 방문 수거 신청을 할 수 있습니다."
에어매트,"안녕하세요! 에어매트의 분리배출 가격에 대해 안내드립니다.

에어매트의 분리배출 가격은 다음과 같습니다:

- 1인용: 1000원
- 2인용: 2000원

대형 폐기물 배출 신고는 [노원구 대형 폐기물 처리 신청 홈페이지](https://smartclean.nowon.kr/online/bulky/request)에서 가능합니다.

또한, 대형 폐가전제품 및 일부 소형 폐가전제품은 무상 수거 대상이므로, 한국전자제품자원순환공제조합(☎1599-0903)을 통해 무상 방문 수거 신청을 할 수 있습니다."
옥장판,"안녕하세요! 옥장판의 분리배출 가격에 대해 안내드립니다.

옥장판의 분리배출 가격은 다음과 같습니다:

- 1인용: 5000원
- 2인용: 8000원

대형 폐기물 배출 신고는 [노원구 대형 폐기물 처리 신청 홈페이지](https://smartclean.nowon.kr/online/bulky/request)에서 가능합니다.

또한, 대형 폐가전제품 및 일부 소형 폐가전제품은 무상 수거 대상이므로, 한국전자제품자원순환공제조합(☎1599-0903)을 통해 무상 방문 수거 신청을 할 수 있습니다."
옥매트,"안녕하세요! 옥매트의 분리배출 가격에 대해 안내드립니다.

옥매트의 분리배출 가격은 다음과 같습니다:

- 1인용: 5000원
- 2인용: 8000원

대형 폐기물 배출 신고는 [노원구 대형 폐기물 처리 신청 홈페이지](https://smartclean.nowon.kr/online/bulky/request)에서 가능합니다.

또한, 대형 폐가전제품 및 일부 소형 폐가전제품은 무상 수거 대상이므로, 한국전자제품자원순환공제조합(☎1599-0903)을 통해 무상 방문 수거 신청을 할 수 있습니다."
온수매트,"안녕하세요! 온수매트의 분리배출 가격에 대해 안내드립니다.

온수매트의 분리배출 가격은 다음과 같습니다:

- 1인용: 4000원
- 2인용: 7000원

대형 폐기물 배출 신고는 [노원구 대형 폐기물 처리 신청 홈페이지](https://smartclean.nowon.kr/online/bulky/request)에서 가능합니다.

또한, 대형 폐가전제품 및 일부 소형 폐가전제품은 무상 수거 대상이므로, 한국전자제품자원순환공제조합(☎1599-0903)을 통해 무상 방문 수거 신청을 할 수 있습니다."
스팀매트,"안녕하세요! 스팀매트의 분리배출 가격에 대해 안내드립니다.

스팀매트의 분리배출 가격은 다음과 같습니다:

- 1인용: 4000원
- 2인용: 7000원

대형 폐기물 배출 신고는 [노원구 대형 폐기물 처리 신청 홈페이지](https://smartclean.nowon.kr/online/bulky/request)에서 가능합니다.

또한, 대형 폐가전제품 및 일부 소형 폐가전제품은 무상 수거 대상이므로, 한국전자제품자원순환공제조합(☎1599-0903)을 통해 무상 방문 수거 신청을 할 수 있습니다."
이불,"안녕하세요! 이불의 분리배출 가격에 대해 안내드립니다.

이불의 분리배출 가격은 다음과 같습니다:

- 겨울용(1채당): 2000원
- 여름용(1채당): 1000원
- 이불솜: 2000원

대형 폐기물 배출 신고는 [노원구 대형 폐기물 처리 신청 홈페이지](https://smartclean.nowon.kr/online/bulky/request)에서 가능합니다.

또한, 대형 폐가전제품 및 일부 소형 폐가전제품은 무상 수거 대상이므로, 한국전자제품자원순환공제조합(☎1599-0903)을 통해 무상 방문 수거 신청을 할 수 있습니다."
인형,"안녕하세요! 인형의 분리배출 가격에 대해 안내드립니다.

인형의 분리배출 가격은 다음과 같습니다:

- 2㎏당: 500원

대형 폐기물 배출 신고는 [노원구 대형 폐기물 처리 신청 홈페이지](https://smartclean.nowon.kr/online/bulky/request)에서 가능합니다.

또한, 대형 폐가전제품 및 일부 소형 폐가전제품은 무상 수거 대상이므로, 한국전자제품자원순환공제조합(☎1599-0903)을 통해 무상 방문 수거 신청을 할 수 있습니다."
자석매트,"안녕하세요! 자석매트의 분리배출 가격에 대해 안내드립니다.

자석매트의 분리배출 가격은 다음과 같습니다:

- 1인용: 5000원
- 2인용: 8000원

대형 폐기물 배출 신고는 [노원구 대형 폐기물 처리 신청 홈페이지](https://smartclean.nowon.kr/online/bulky/request)에서 가능합니다.

또한, 대형 폐가전제품 및 일부 소형 폐가전제품은 무상 수거 대상이므로, 한국전자제품자원순환공제조합(☎1599-0903)을 통해 무상 방문 수거 신청을 할 수 있습니다."
자석요,"안녕하세요! 자석요의 분리배출 가격에 대해 안내드립니다.

자석요의 분리배출 가격은 다음과 같습니다:

- 1인용: 5000원
- 2인용: 8000원

대형 폐기물 배출 신고는 [노원구 대형 폐기물 처리 신청 홈페이지](https://smartclean.nowon.kr/online/bulky/request)에서 가능합니다.

또한, 대형 폐가전제품 및 일부 소형 폐가전제품은 무상 수거 대상이므로, 한국전자제품자원순환공제조합(☎1599-0903)을 통해 무상 방문 수거 신청을 할 수 있습니다."
장판,"안녕하세요! 장판의 분리배출 가격에 대해 안내드립니다.

장판의 분리배출 가격은 다음과 같습니다:

- 3.3㎡당: 2000원

대형 폐기물 배출 신고는 [노원구 대형 폐기물 처리 신청 홈페이지](https://smartclean.nowon.kr/online/bulky/request)에서 가능합니다.

또한, 대형 폐가전제품 및 일부 소형 폐가전제품은 무상 수거 대상이므로, 한국전자제품자원순환공제조합(☎1599-0903)을 통해 무상 방문 수거 신청을 할 수 있습니다."
카페트,"안녕하세요! 카페트의 분리배출 가격에 대해 안내드립니다.

카페트의 분리배출 가격은 다음과 같습니다:

- 3.3㎡당: 2000원

대형 폐기물 배출 신고는 [노원구 대형 폐기물 처리 신청 홈페이지](https://smartclean.nowon.kr/online/bulky/request)에서 가능합니다.

또한, 대형 폐가전제품 및 일부 소형 폐가전제품은 무상 수거 대상이므로, 한국전자제품자원순환공제조합(☎1599-0903)을 통해 무상 방문 수거 신청을 할 수 있습니다."
전기장판,"안녕하세요! 전기장판의 분리배출 가격에 대해 안내드립니다.

전기장판의 분리배출 가격은 다음과 같습니다:

- 1인용: 2000원
- 2인용: 4000원
- 3인용 이상: 6000원

대형 폐기물 배출 신고는 [노원구 대형 폐기물 처리 신청 홈페이지](https://smartclean.nowon.kr/online/bulky/request)에서 가능합니다.

또한, 대형 폐가전제품 및 일부 소형 폐가전제품은 무상 수거 대상이므로, 한국전자제품자원순환공제조합(☎1599-0903)을 통해 무상 방문 수거 신청을 할 수 있습니다."
전기매트,"안녕하세요! 전기매트의 분리배출 가격에 대해 안내드립니다.

전기매트의 분리배출 가격은 다음과 같습니다:

- 1인용: 2000원
- 2인용: 4000원
- 3인용 이상: 6000원

대형 폐기물 배출 신고는 [노원구 대형 폐기물 처리 신청 홈페이지](https://smartclean.nowon.kr/online/bulky/request)에서 가능합니다.

또한, 대형 폐가전제품 및 일부 소형 폐가전제품은 무상 수거 대상이므로, 한국전자제품자원순환공제조합(☎1599-0903)을 통해 무상 방문 수거 신청을 할 수 있습니다."
침대커버,"안녕하세요! 침대커버의 분리배출 가격에 대해 안내드립니다.

침대커버의 분리배출 가격은 다음과 같습니다:

- 모든 규격: 1000원

대형 폐기물 배출 신고는 [노원구 대형 폐기물 처리 신청 홈페이지](https://smartclean.nowon.kr/online/bulky/request)에서 가능합니다.

또한, 대형 폐가전제품 및 일부 소형 폐가전제품은 무상 수거 대상이므로, 한국전자제품자원순환공제조합(☎1599-0903)을 통해 무상 방문 수거 신청을 할 수 있습니다."
코일매트,"안녕하세요! 코일매트의 분리배출 가격에 대해 안내드립니다.

코일매트의 분리배출 가격은 다음과 같습니다:

- 3.3㎡당: 3000원

대형 폐기물 배출 신고는 [노원구 대형 폐기물 처리 신청 홈페이지](https://smartclean.nowon.kr/online/bulky/request)에서 가능합니다.

또한, 대형 폐가전제품 및 일부 소형 폐가전제품은 무상 수거 대상이므로, 한국전자제품자원순환공제조합(☎1599-0903)을 통해 무상 방문 수거 신청을 할 수 있습니다."
쿠션,"안녕하세요! 쿠션의 분리배출 가격에 대해 안내드립니다.

쿠션의 분리배출 가격은 다음과 같습니다:

- 바디필로우: 2000원
- 일반형: 1000원
- 죽부인: 2000원

대형 폐기물 배출 신고는 [노원구 대형 폐기물 처리 신청 홈페이지](https://smartclean.nowon.kr/online/bulky/request)에서 가능합니다.

또한, 대형 폐가전제품 및 일부 소형 폐가전제품은 무상 수거 대상이므로, 한국전자제품자원순환공제조합(☎1599-0903)을 통해 무상 방문 수거 신청을 할 수 있습니다."
쿨매트,"안녕하세요! 쿨매트의 분리배출 가격에 대해 안내드립니다.

쿨매트의 분리배출 가격은 다음과 같습니다:

- 1인용: 1000원
- 2인용: 2000원
- 3인용: 3000원
- 4인용: 4000원
- 5인용 이상: 5000원

대형 폐기물 배출 신고는 [노원구 대형 폐기물 처리 신청 홈페이지](https://smartclean.nowon.kr/online/bulky/request)에서 가능합니다.

또한, 대형 폐가전제품 및 일부 소형 폐가전제품은 무상 수거 대상이므로, 한국전자제품자원순환공제조합(☎1599-0903)을 통해 무상 방문 수거 신청을 할 수 있습니다."
LED조명,"안녕하세요! LED조명의 분리배출 가격에 대해 안내드립니다.

LED조명의 분리배출 가격은 다음과 같습니다:

- 거실등: 3000원
- 방등: 1000원
- 전구/전등: 500원

대형 폐기물 배출 신고는 [노원구 대형 폐기물 처리 신청 홈페이지](https://smartclean.nowon.kr/online/bulky/request)에서 가능합니다.

또한, 대형 폐가전제품 및 일부 소형 폐가전제품은 무상 수거 대상이므로, 한국전자제품자원순환공제조합(☎1599-0903)을 통해 무상 방문 수거 신청을 할 수 있습니다."
기름탱크,"안녕하세요! 기름탱크의 분리배출 가격에 대해 안내드립니다.

기름탱크의 분리배출 가격은 다음과 같습니다:

- 400ℓ 미만: 4000원
- 400ℓ 이상: 7000원

대형 폐기물 배출 신고는 [노원구 대형 폐기물 처리 신청 홈페이지](https://smartclean.nowon.kr/online/bulky/request)에서 가능합니다.

또한, 대형 폐가전제품 및 일부 소형 폐가전제품은 무상 수거 대상이므로, 한국전자제품자원순환공제조합(☎1599-0903)을 통해 무상 방문 수거 신청을 할 수 있습니다."
난로,"안녕하세요! 난로의 분리배출 가격에 대해 안내드립니다.

난로의 분리배출 가격은 다음과 같습니다:

- 가스난로: 4000원
- 석유난로: 4000원
- 연탄난로: 4000원

대형 폐기물 배출 신고는 [노원구 대형 폐기물 처리 신청 홈페이지](https://smartclean.nowon.kr/online/bulky/request)에서 가능합니다.

또한, 대형 폐가전제품 및 일부 소형 폐가전제품은 무상 수거 대상이므로, 한국전자제품자원순환공제조합(☎1599-0903)을 통해 무상 방문 수거 신청을 할 수 있습니다."
문짝,"안녕하세요! 문짝의 분리배출 가격에 대해 안내드립니다.

문짝의 분리배출 가격은 다음과 같습니다:

- 나무문짝(1짝당): 3000원
- 유리문짝(1짝당): 5000원
- 현관 중문: 5000원
- 현관문/철문(1짝당): 5000원

대형 폐기물 배출 신고는 [노원구 대형 폐기물 처리 신청 홈페이지](https://smartclean.nowon.kr/online/bulky/request)에서 가능합니다.

또한, 대형 폐가전제품 및 일부 소형 폐가전제품은 무상 수거 대상이므로, 한국전자제품자원순환공제조합(☎1599-0903)을 통해 무상 방문 수거 신청을 할 수 있습니다."
문틀,"안녕하세요! 문틀의 분리배출 가격에 대해 안내드립니다.

문틀의 분리배출 가격은 다음과 같습니다:

- 나무문틀(1짝당): 3000원
- 스탠문틀(1짝당): 3000원
- 철문틀(1짝당): 5000원
- 현관문틀(1짝당): 5000원

대형 폐기물 배출 신고는 [노원구 대형 폐기물 처리 신청 홈페이지](https://smartclean.nowon.kr/online/bulky/request)에서 가능합니다.

또한, 대형 폐가전제품 및 일부 소형 폐가전제품은 무상 수거 대상이므로, 한국전자제품자원순환공제조합(☎1599-0903)을 통해 무상 방문 수거 신청을 할 수 있습니다."
방충망,"안녕하세요! 방충망의 분리배출 가격에 대해 안내드립니다.

방충망의 분리배출 가격은 다음과 같습니다:

- ㎡당: 2000원

대형 폐기물 배출 신고는 [노원구 대형 폐기물 처리 신청 홈페이지](https://smartclean.nowon.kr/online/bulky/request)에서 가능합니다.

또한, 대형 폐가전제품 및 일부 소형 폐가전제품은 무상 수거 대상이므로, 한국전자제품자원순환공제조합(☎1599-0903)을 통해 무상 방문 수거 신청을 할 수 있습니다."
보일러,"안녕하세요! 보일러의 분리배출 가격에 대해 안내드립니다.

보일러의 분리배출 가격은 다음과 같습니다:

- 13000cal/h(66㎡) 미만: 3000원
- 13000cal/h(66㎡) 이상: 6000원
- 보일러 탱크: 2000원

대형 폐기물 배출 신고는 [노원구 대형 폐기물 처리 신청 홈페이지](https://smartclean.nowon.kr/online/bulky/request)에서 가능합니다.

또한, 대형 폐가전제품 및 일부 소형 폐가전제품은 무상 수거 대상이므로, 한국전자제품자원순환공제조합(☎1599-0903)을 통해 무상 방문 수거 신청을 할 수 있습니다."
블라인드,"안녕하세요! 블라인드의 분리배출 가격에 대해 안내드립니다.

블라인드의 분리배출 가격은 다음과 같습니다:

- ㎡당: 1000원

대형 폐기물 배출 신고는 [노원구 대형 폐기물 처리 신청 홈페이지](https://smartclean.nowon.kr/online/bulky/request)에서 가능합니다.

또한, 대형 폐가전제품 및 일부 소형 폐가전제품은 무상 수거 대상이므로, 한국전자제품자원순환공제조합(☎1599-0903)을 통해 무상 방문 수거 신청을 할 수 있습니다."
버티컬,"안녕하세요! 버티컬의 분리배출 가격에 대해 안내드립니다.

버티컬의 분리배출 가격은 다음과 같습니다:

- ㎡당: 1000원

대형 폐기물 배출 신고는 [노원구 대형 폐기물 처리 신청 홈페이지](https://smartclean.nowon.kr/online/bulky/request)에서 가능합니다.

또한, 대형 폐가전제품 및 일부 소형 폐가전제품은 무상 수거 대상이므로, 한국전자제품자원순환공제조합(☎1599-0903)을 통해 무상 방문 수거 신청을 할 수 있습니다."
스탠드등,"안녕하세요! 스탠드등의 분리배출 가격에 대해 안내드립니다.

스탠드등의 분리배출 가격은 다음과 같습니다:

- 긴 면이 1m 미만: 2000원
- 긴 면이 1m 이상: 3000원

대형 폐기물 배출 신고는 [노원구 대형 폐기물 처리 신청 홈페이지](https://smartclean.nowon.kr/online/bulky/request)에서 가능합니다.

또한, 대형 폐가전제품 및 일부 소형 폐가전제품은 무상 수거 대상이므로, 한국전자제품자원순환공제조합(☎1599-0903)을 통해 무상 방문 수거 신청을 할 수 있습니다."
온수판넬,"안녕하세요! 온수판넬의 분리배출 가격에 대해 안내드립니다.

온수판넬의 분리배출 가격은 다음과 같습니다:

- ㎡당: 3000원

대형 폐기물 배출 신고는 [노원구 대형 폐기물 처리 신청 홈페이지](https://smartclean.nowon.kr/online/bulky/request)에서 가능합니다.

또한, 대형 폐가전제품 및 일부 소형 폐가전제품은 무상 수거 대상이므로, 한국전자제품자원순환공제조합(☎1599-0903)을 통해 무상 방문 수거 신청을 할 수 있습니다."
일반조명,"안녕하세요! 일반조명의 분리배출 가격에 대해 안내드립니다.

일반조명의 분리배출 가격은 다음과 같습니다:

- 거실등: 3500원
- 긴 면이 1m 미만: 2000원
- 긴 면이 1m 이상: 3000원
- 긴 면이 50㎝ 미만: 1000원
- 샹들리에: 5000원

대형 폐기물 배출 신고는 [노원구 대형 폐기물 처리 신청 홈페이지](https://smartclean.nowon.kr/online/bulky/request)에서 가능합니다.

또한, 대형 폐가전제품 및 일부 소형 폐가전제품은 무상 수거 대상이므로, 한국전자제품자원순환공제조합(☎1599-0903)을 통해 무상 방문 수거 신청을 할 수 있습니다."
자바라,"안녕하세요! 자바라의 분리배출 가격에 대해 안내드립니다.

자바라의 분리배출 가격은 다음과 같습니다:

- ㎡당: 1000원

대형 폐기물 배출 신고는 [노원구 대형 폐기물 처리 신청 홈페이지](https://smartclean.nowon.kr/online/bulky/request)에서 가능합니다.

또한, 대형 폐가전제품 및 일부 소형 폐가전제품은 무상 수거 대상이므로, 한국전자제품자원순환공제조합(☎1599-0903)을 통해 무상 방문 수거 신청을 할 수 있습니다."
전기판넬,"안녕하세요! 전기판넬의 분리배출 가격에 대해 안내드립니다.

전기판넬의 분리배출 가격은 다음과 같습니다:

- ㎡당: 2000원

대형 폐기물 배출 신고는 [노원구 대형 폐기물 처리 신청 홈페이지](https://smartclean.nowon.kr/online/bulky/request)에서 가능합니다.

또한, 대형 폐가전제품 및 일부 소형 폐가전제품은 무상 수거 대상이므로, 한국전자제품자원순환공제조합(☎1599-0903)을 통해 무상 방문 수거 신청을 할 수 있습니다."
전등틀,"안녕하세요! 전등틀의 분리배출 가격에 대해 안내드립니다.

전등틀의 분리배출 가격은 다음과 같습니다:

- 긴 면이 1m 미만: 1000원
- 긴 면이 1m 이상: 2000원
- 전등갓(고깔형): 500원

대형 폐기물 배출 신고는 [노원구 대형 폐기물 처리 신청 홈페이지](https://smartclean.nowon.kr/online/bulky/request)에서 가능합니다.

또한, 대형 폐가전제품 및 일부 소형 폐가전제품은 무상 수거 대상이므로, 한국전자제품자원순환공제조합(☎1599-0903)을 통해 무상 방문 수거 신청을 할 수 있습니다."
형광등틀,"안녕하세요! 형광등틀의 분리배출 가격에 대해 안내드립니다.

형광등틀의 분리배출 가격은 다음과 같습니다:

- 긴 면이 1m 미만: 1000원
- 긴 면이 1m 이상: 2000원
- 전등갓(고깔형): 500원

대형 폐기물 배출 신고는 [노원구 대형 폐기물 처리 신청 홈페이지](https://smartclean.nowon.kr/online/bulky/request)에서 가능합니다.

또한, 대형 폐가전제품 및 일부 소형 폐가전제품은 무상 수거 대상이므로, 한국전자제품자원순환공제조합(☎1599-0903)을 통해 무상 방문 수거 신청을 할 수 있습니다."
창문,"안녕하세요! 창문의 분리배출 가격에 대해 안내드립니다.

창문의 분리배출 가격은 다음과 같습니다:

- 나무창: 2000원
- 샷시창(높이 1m 미만): 3000원
- 샷시창(높이 1m 이상): 5000원

대형 폐기물 배출 신고는 [노원구 대형 폐기물 처리 신청 홈페이지](https://smartclean.nowon.kr/online/bulky/request)에서 가능합니다.

또한, 대형 폐가전제품 및 일부 소형 폐가전제품은 무상 수거 대상이므로, 한국전자제품자원순환공제조합(☎1599-0903)을 통해 무상 방문 수거 신청을 할 수 있습니다."
창틀,"안녕하세요! 창틀의 분리배출 가격에 대해 안내드립니다.

창틀의 분리배출 가격은 다음과 같습니다:

- 나무창틀(50㎝당): 500원
- 샷시창틀(50㎝당): 1000원

대형 폐기물 배출 신고는 [노원구 대형 폐기물 처리 신청 홈페이지](https://smartclean.nowon.kr/online/bulky/request)에서 가능합니다.

또한, 대형 폐가전제품 및 일부 소형 폐가전제품은 무상 수거 대상이므로, 한국전자제품자원순환공제조합(☎1599-0903)을 통해 무상 방문 수거 신청을 할 수 있습니다."
커튼,"안녕하세요! 커튼의 분리배출 가격에 대해 안내드립니다.

커튼의 분리배출 가격은 다음과 같습니다:

- 3.3㎡당: 1000원
- 커튼봉/커튼레일: 1000원

대형 폐기물 배출 신고는 [노원구 대형 폐기물 처리 신청 홈페이지](https://smartclean.nowon.kr/online/bulky/request)에서 가능합니다.

또한, 대형 폐가전제품 및 일부 소형 폐가전제품은 무상 수거 대상이므로, 한국전자제품자원순환공제조합(☎1599-0903)을 통해 무상 방문 수거 신청을 할 수 있습니다."
가방,"안녕하세요! 가방의 분리배출 가격에 대해 안내드립니다.

가방의 분리배출 가격은 다음과 같습니다:

- 긴 면이 100㎝ 미만: 2000원
- 긴 면이 150㎝ 미만: 3000원
- 긴 면이 50㎝ 미만: 1000원

대형 폐기물 배출 신고는 [노원구 대형 폐기물 처리 신청 홈페이지](https://smartclean.nowon.kr/online/bulky/request)에서 가능합니다.

또한, 대형 폐가전제품 및 일부 소형 폐가전제품은 무상 수거 대상이므로, 한국전자제품자원순환공제조합(☎1599-0903)을 통해 무상 방문 수거 신청을 할 수 있습니다."
게시판,"안녕하세요! 게시판의 분리배출 가격에 대해 안내드립니다.

게시판의 분리배출 가격은 다음과 같습니다:

- ㎡당: 2000원

대형 폐기물 배출 신고는 [노원구 대형 폐기물 처리 신청 홈페이지](https://smartclean.nowon.kr/online/bulky/request)에서 가능합니다.

또한, 대형 폐가전제품 및 일부 소형 폐가전제품은 무상 수거 대상이므로, 한국전자제품자원순환공제조합(☎1599-0903)을 통해 무상 방문 수거 신청을 할 수 있습니다."
골프가방,"안녕하세요! 골프가방의 분리배출 가격에 대해 안내드립니다.

골프가방의 분리배출 가격은 다음과 같습니다:

- 모든 규격: 3000원

대형 폐기물 배출 신고는 [노원구 대형 폐기물 처리 신청 홈페이지](https://smartclean.nowon.kr/online/bulky/request)에서 가능합니다.

또한, 대형 폐가전제품 및 일부 소형 폐가전제품은 무상 수거 대상이므로, 한국전자제품자원순환공제조합(☎1599-0903)을 통해 무상 방문 수거 신청을 할 수 있습니다."
금고,"안녕하세요! 금고의 분리배출 가격에 대해 안내드립니다.

금고의 분리배출 가격은 다음과 같습니다:

- 무게가 20kg마다: 4000원

대형 폐기물 배출 신고는 [노원구 대형 폐기물 처리 신청 홈페이지](https://smartclean.nowon.kr/online/bulky/request)에서 가능합니다.

또한, 대형 폐가전제품 및 일부 소형 폐가전제품은 무상 수거 대상이므로, 한국전자제품자원순환공제조합(☎1599-0903)을 통해 무상 방문 수거 신청을 할 수 있습니다."
나무합판,"안녕하세요! 나무합판의 분리배출 가격에 대해 안내드립니다.

나무합판의 분리배출 가격은 다음과 같습니다:

- ㎡당: 1000원

대형 폐기물 배출 신고는 [노원구 대형 폐기물 처리 신청 홈페이지](https://smartclean.nowon.kr/online/bulky/request)에서 가능합니다.

또한, 대형 폐가전제품 및 일부 소형 폐가전제품은 무상 수거 대상이므로, 한국전자제품자원순환공제조합(☎1599-0903)을 통해 무상 방문 수거 신청을 할 수 있습니다."
플라스틱판,"안녕하세요! 플라스틱판의 분리배출 가격에 대해 안내드립니다.

플라스틱판의 분리배출 가격은 다음과 같습니다:

- ㎡당: 1000원

대형 폐기물 배출 신고는 [노원구 대형 폐기물 처리 신청 홈페이지](https://smartclean.nowon.kr/online/bulky/request)에서 가능합니다.

또한, 대형 폐가전제품 및 일부 소형 폐가전제품은 무상 수거 대상이므로, 한국전자제품자원순환공제조합(☎1599-0903)을 통해 무상 방문 수거 신청을 할 수 있습니다."
다리미판,"안녕하세요! 다리미판의 분리배출 가격에 대해 안내드립니다.

다리미판의 분리배출 가격은 다음과 같습니다:

- 입식: 2000원
- 좌식: 1000원

대형 폐기물 배출 신고는 [노원구 대형 폐기물 처리 신청 홈페이지](https://smartclean.nowon.kr/online/bulky/request)에서 가능합니다.

또한, 대형 폐가전제품 및 일부 소형 폐가전제품은 무상 수거 대상이므로, 한국전자제품자원순환공제조합(☎1599-0903)을 통해 무상 방문 수거 신청을 할 수 있습니다."
물탱크,"안녕하세요! 물탱크의 분리배출 가격에 대해 안내드립니다.

물탱크의 분리배출 가격은 다음과 같습니다:

- 0.5톤 미만: 3000원
- 1톤 미만: 4000원
- 1톤 이상: 6000원

대형 폐기물 배출 신고는 [노원구 대형 폐기물 처리 신청 홈페이지](https://smartclean.nowon.kr/online/bulky/request)에서 가능합니다.

또한, 대형 폐가전제품 및 일부 소형 폐가전제품은 무상 수거 대상이므로, 한국전자제품자원순환공제조합(☎1599-0903)을 통해 무상 방문 수거 신청을 할 수 있습니다."
바구니,"안녕하세요! 바구니의 분리배출 가격에 대해 안내드립니다.

바구니의 분리배출 가격은 다음과 같습니다:

- 긴 면이 50㎝ 미만: 1000원
- 긴 면이 50㎝ 이상: 2000원

대형 폐기물 배출 신고는 [노원구 대형 폐기물 처리 신청 홈페이지](https://smartclean.nowon.kr/online/bulky/request)에서 가능합니다.

또한, 대형 폐가전제품 및 일부 소형 폐가전제품은 무상 수거 대상이므로, 한국전자제품자원순환공제조합(☎1599-0903)을 통해 무상 방문 수거 신청을 할 수 있습니다."
바둑판,"안녕하세요! 바둑판의 분리배출 가격에 대해 안내드립니다.

바둑판의 분리배출 가격은 다음과 같습니다:

- 두께 6㎝ 미만: 1000원
- 두께 6㎝ 이상: 2000원

대형 폐기물 배출 신고는 [노원구 대형 폐기물 처리 신청 홈페이지](https://smartclean.nowon.kr/online/bulky/request)에서 가능합니다.

또한, 대형 폐가전제품 및 일부 소형 폐가전제품은 무상 수거 대상이므로, 한국전자제품자원순환공제조합(☎1599-0903)을 통해 무상 방문 수거 신청을 할 수 있습니다."
장기판,"안녕하세요! 장기판의 분리배출 가격에 대해 안내드립니다.

장기판의 분리배출 가격은 다음과 같습니다:

- 두께 6㎝ 미만: 1000원
- 두께 6㎝ 이상: 2000원

대형 폐기물 배출 신고는 [노원구 대형 폐기물 처리 신청 홈페이지](https://smartclean.nowon.kr/online/bulky/request)에서 가능합니다.

또한, 대형 폐가전제품 및 일부 소형 폐가전제품은 무상 수거 대상이므로, 한국전자제품자원순환공제조합(☎1599-0903)을 통해 무상 방문 수거 신청을 할 수 있습니다."
병풍,"안녕하세요! 병풍의 분리배출 가격에 대해 안내드립니다.

병풍의 분리배출 가격은 다음과 같습니다:

- 2폭당: 1000원

대형 폐기물 배출 신고는 [노원구 대형 폐기물 처리 신청 홈페이지](https://smartclean.nowon.kr/online/bulky/request)에서 가능합니다.

또한, 대형 폐가전제품 및 일부 소형 폐가전제품은 무상 수거 대상이므로, 한국전자제품자원순환공제조합(☎1599-0903)을 통해 무상 방문 수거 신청을 할 수 있습니다."
상자,"안녕하세요! 상자의 분리배출 가격에 대해 안내드립니다.

상자의 분리배출 가격은 다음과 같습니다:

- 긴 면이 100㎝ 미만: 1500원
- 긴 면이 100㎝ 이상: 2000원
- 긴 면이 50㎝ 미만: 1000원

대형 폐기물 배출 신고는 [노원구 대형 폐기물 처리 신청 홈페이지](https://smartclean.nowon.kr/online/bulky/request)에서 가능합니다.

또한, 대형 폐가전제품 및 일부 소형 폐가전제품은 무상 수거 대상이므로, 한국전자제품자원순환공제조합(☎1599-0903)을 통해 무상 방문 수거 신청을 할 수 있습니다."
샌드위치 패널,"안녕하세요! 샌드위치 패널의 분리배출 가격에 대해 안내드립니다.

샌드위치 패널의 분리배출 가격은 다음과 같습니다:

- ㎡당 (다량 배출시 수거 불가): 2000원

대형 폐기물 배출 신고는 [노원구 대형 폐기물 처리 신청 홈페이지](https://smartclean.nowon.kr/online/bulky/request)에서 가능합니다.

또한, 대형 폐가전제품 및 일부 소형 폐가전제품은 무상 수거 대상이므로, 한국전자제품자원순환공제조합(☎1599-0903)을 통해 무상 방문 수거 신청을 할 수 있습니다."
아크릴판,"안녕하세요! 아크릴판의 분리배출 가격에 대해 안내드립니다.

아크릴판의 분리배출 가격은 다음과 같습니다:

- ㎡당: 500원

대형 폐기물 배출 신고는 [노원구 대형 폐기물 처리 신청 홈페이지](https://smartclean.nowon.kr/online/bulky/request)에서 가능합니다.

또한, 대형 폐가전제품 및 일부 소형 폐가전제품은 무상 수거 대상이므로, 한국전자제품자원순환공제조합(☎1599-0903)을 통해 무상 방문 수거 신청을 할 수 있습니다."
이사박스,"안녕하세요! 이사박스의 분리배출 가격에 대해 안내드립니다.

이사박스의 분리배출 가격은 다음과 같습니다:

- 3호(48㎝x35㎝x35㎝) 이하: 500원
- 4호(55㎝x40㎝x35㎝) 이상: 1000원

대형 폐기물 배출 신고는 [노원구 대형 폐기물 처리 신청 홈페이지](https://smartclean.nowon.kr/online/bulky/request)에서 가능합니다.

또한, 대형 폐가전제품 및 일부 소형 폐가전제품은 무상 수거 대상이므로, 한국전자제품자원순환공제조합(☎1599-0903)을 통해 무상 방문 수거 신청을 할 수 있습니다."
이젤,"안녕하세요! 이젤의 분리배출 가격에 대해 안내드립니다.

이젤의 분리배출 가격은 다음과 같습니다:

- 개당: 2000원

대형 폐기물 배출 신고는 [노원구 대형 폐기물 처리 신청 홈페이지](https://smartclean.nowon.kr/online/bulky/request)에서 가능합니다.

또한, 대형 폐가전제품 및 일부 소형 폐가전제품은 무상 수거 대상이므로, 한국전자제품자원순환공제조합(☎1599-0903)을 통해 무상 방문 수거 신청을 할 수 있습니다."
지게차 파렛트,"안녕하세요! 지게차 파렛트의 분리배출 가격에 대해 안내드립니다.

지게차 파렛트의 분리배출 가격은 다음과 같습니다:

- 모든 규격: 3000원

대형 폐기물 배출 신고는 [노원구 대형 폐기물 처리 신청 홈페이지](https://smartclean.nowon.kr/online/bulky/request)에서 가능합니다.

또한, 대형 폐가전제품 및 일부 소형 폐가전제품은 무상 수거 대상이므로, 한국전자제품자원순환공제조합(☎1599-0903)을 통해 무상 방문 수거 신청을 할 수 있습니다."
카트,"안녕하세요! 카트의 분리배출 가격에 대해 안내드립니다.

카트의 분리배출 가격은 다음과 같습니다:

- 대형 카트/손수레: 5000원
- 사무용 운반 카트: 2000원
- 식당 카트: 3000원
- 아웃도어 왜건: 3000원
- 카트형 장바구니: 1000원

대형 폐기물 배출 신고는 [노원구 대형 폐기물 처리 신청 홈페이지](https://smartclean.nowon.kr/online/bulky/request)에서 가능합니다.

또한, 대형 폐가전제품 및 일부 소형 폐가전제품은 무상 수거 대상이므로, 한국전자제품자원순환공제조합(☎1599-0903)을 통해 무상 방문 수거 신청을 할 수 있습니다."
칸막이,"안녕하세요! 칸막이의 분리배출 가격에 대해 안내드립니다.

칸막이의 분리배출 가격은 다음과 같습니다:

- ㎡당: 1000원

대형 폐기물 배출 신고는 [노원구 대형 폐기물 처리 신청 홈페이지](https://smartclean.nowon.kr/online/bulky/request)에서 가능합니다.

또한, 대형 폐가전제품 및 일부 소형 폐가전제품은 무상 수거 대상이므로, 한국전자제품자원순환공제조합(☎1599-0903)을 통해 무상 방문 수거 신청을 할 수 있습니다."
캐리어,"안녕하세요! 캐리어의 분리배출 가격에 대해 안내드립니다.

캐리어의 분리배출 가격은 다음과 같습니다:

- 21인치 이하(기내용): 1000원
- 22인치 이상: 2000원
- 30인치 이상: 3000원

대형 폐기물 배출 신고는 [노원구 대형 폐기물 처리 신청 홈페이지](https://smartclean.nowon.kr/online/bulky/request)에서 가능합니다.

또한, 대형 폐가전제품 및 일부 소형 폐가전제품은 무상 수거 대상이므로, 한국전자제품자원순환공제조합(☎1599-0903)을 통해 무상 방문 수거 신청을 할 수 있습니다."
파티션,"안녕하세요! 파티션의 분리배출 가격에 대해 안내드립니다.

파티션의 분리배출 가격은 다음과 같습니다:

- ㎡당: 2000원

대형 폐기물 배출 신고는 [노원구 대형 폐기물 처리 신청 홈페이지](https://smartclean.nowon.kr/online/bulky/request)에서 가능합니다.

또한, 대형 폐가전제품 및 일부 소형 폐가전제품은 무상 수거 대상이므로, 한국전자제품자원순환공제조합(☎1599-0903)을 통해 무상 방문 수거 신청을 할 수 있습니다."
화이트보드,"안녕하세요! 화이트보드의 분리배출 가격에 대해 안내드립니다.

화이트보드의 분리배출 가격은 다음과 같습니다:

- 길이 100㎝ 미만: 2000원
- 길이 100㎝ 이상: 4000원
- 받침대(스탠드): 1000원

대형 폐기물 배출 신고는 [노원구 대형 폐기물 처리 신청 홈페이지](https://smartclean.nowon.kr/online/bulky/request)에서 가능합니다.

또한, 대형 폐가전제품 및 일부 소형 폐가전제품은 무상 수거 대상이므로, 한국전자제품자원순환공제조합(☎1599-0903)을 통해 무상 방문 수거 신청을 할 수 있습니다."
칠판,"안녕하세요! 칠판의 분리배출 가격에 대해 안내드립니다.

칠판의 분리배출 가격은 다음과 같습니다:

- 길이 100㎝ 미만: 2000원
- 길이 100㎝ 이상: 4000원
- 받침대(스탠드): 1000원

대형 폐기물 배출 신고는 [노원구 대형 폐기물 처리 신청 홈페이지](https://smartclean.nowon.kr/online/bulky/request)에서 가능합니다.

또한, 대형 폐가전제품 및 일부 소형 폐가전제품은 무상 수거 대상이므로, 한국전자제품자원순환공제조합(☎1599-0903)을 통해 무상 방문 수거 신청을 할 수 있습니다."
건반악기,"안녕하세요! 건반악기의 분리배출 가격에 대해 안내드립니다.

건반악기의 분리배출 가격은 다음과 같습니다:

- 디지털피아노: 4000원
- 소형 오르간(풍금 등): 4000원
- 신디사이저/키보드: 4000원
- 아코디언: 3000원
- 일반 피아노: 15000원

대형 폐기물 배출 신고는 [노원구 대형 폐기물 처리 신청 홈페이지](https://smartclean.nowon.kr/online/bulky/request)에서 가능합니다.

또한, 대형 폐가전제품 및 일부 소형 폐가전제품은 무상 수거 대상이므로, 한국전자제품자원순환공제조합(☎1599-0903)을 통해 무상 방문 수거 신청을 할 수 있습니다."
목발,"안녕하세요! 목발의 분리배출 가격에 대해 안내드립니다.

목발의 분리배출 가격은 다음과 같습니다:

- 한 짝당: 1000원

대형 폐기물 배출 신고는 [노원구 대형 폐기물 처리 신청 홈페이지](https://smartclean.nowon.kr/online/bulky/request)에서 가능합니다.

또한, 대형 폐가전제품 및 일부 소형 폐가전제품은 무상 수거 대상이므로, 한국전자제품자원순환공제조합(☎1599-0903)을 통해 무상 방문 수거 신청을 할 수 있습니다."
보행보조기,"안녕하세요! 보행보조기의 분리배출 가격에 대해 안내드립니다.

보행보조기의 분리배출 가격은 다음과 같습니다:

- 모든 규격: 2000원

대형 폐기물 배출 신고는 [노원구 대형 폐기물 처리 신청 홈페이지](https://smartclean.nowon.kr/online/bulky/request)에서 가능합니다.

또한, 대형 폐가전제품 및 일부 소형 폐가전제품은 무상 수거 대상이므로, 한국전자제품자원순환공제조합(☎1599-0903)을 통해 무상 방문 수거 신청을 할 수 있습니다."
손소독기,"안녕하세요! 손소독기의 분리배출 가격에 대해 안내드립니다.

손소독기의 분리배출 가격은 다음과 같습니다:

- 개당: 1000원

대형 폐기물 배출 신고는 [노원구 대형 폐기물 처리 신청 홈페이지](https://smartclean.nowon.kr/online/bulky/request)에서 가능합니다.

또한, 대형 폐가전제품 및 일부 소형 폐가전제품은 무상 수거 대상이므로, 한국전자제품자원순환공제조합(☎1599-0903)을 통해 무상 방문 수거 신청을 할 수 있습니다."
디스펜서,"안녕하세요! 디스펜서의 분리배출 가격에 대해 안내드립니다.

디스펜서의 분리배출 가격은 다음과 같습니다:

- 개당: 1000원

대형 폐기물 배출 신고는 [노원구 대형 폐기물 처리 신청 홈페이지](https://smartclean.nowon.kr/online/bulky/request)에서 가능합니다.

또한, 대형 폐가전제품 및 일부 소형 폐가전제품은 무상 수거 대상이므로, 한국전자제품자원순환공제조합(☎1599-0903)을 통해 무상 방문 수거 신청을 할 수 있습니다."
신장계,"안녕하세요! 신장계의 분리배출 가격에 대해 안내드립니다.

신장계의 분리배출 가격은 다음과 같습니다:

- 모든 규격: 10000원

대형 폐기물 배출 신고는 [노원구 대형 폐기물 처리 신청 홈페이지](https://smartclean.nowon.kr/online/bulky/request)에서 가능합니다.

또한, 대형 폐가전제품 및 일부 소형 폐가전제품은 무상 수거 대상이므로, 한국전자제품자원순환공제조합(☎1599-0903)을 통해 무상 방문 수거 신청을 할 수 있습니다."
쓰레기통,"안녕하세요! 쓰레기통의 분리배출 가격에 대해 안내드립니다.

쓰레기통의 분리배출 가격은 다음과 같습니다:

- 30ℓ 미만: 1000원
- 30ℓ 이상: 2000원
- 가정용 분리수거함: 1000원

대형 폐기물 배출 신고는 [노원구 대형 폐기물 처리 신청 홈페이지](https://smartclean.nowon.kr/online/bulky/request)에서 가능합니다.

또한, 대형 폐가전제품 및 일부 소형 폐가전제품은 무상 수거 대상이므로, 한국전자제품자원순환공제조합(☎1599-0903)을 통해 무상 방문 수거 신청을 할 수 있습니다."
안마의자,"안녕하세요! 안마의자의 분리배출 가격에 대해 안내드립니다.

안마의자의 분리배출 가격은 다음과 같습니다:

- 대형: 10000원

대형 폐기물 배출 신고는 [노원구 대형 폐기물 처리 신청 홈페이지](https://smartclean.nowon.kr/online/bulky/request)에서 가능합니다.

또한, 대형 폐가전제품 및 일부 소형 폐가전제품은 무상 수거 대상이므로, 한국전자제품자원순환공제조합(☎1599-0903)을 통해 무상 방문 수거 신청을 할 수 있습니다."
음식물류폐기물 수거용기,"안녕하세요! 음식물류폐기물 수거용기의 분리배출 가격에 대해 안내드립니다.

음식물류폐기물 수거용기의 분리배출 가격은 다음과 같습니다:

- 120ℓ: 2000원
- 60ℓ 이하: 1000원

대형 폐기물 배출 신고는 [노원구 대형 폐기물 처리 신청 홈페이지](https://smartclean.nowon.kr/online/bulky/request)에서 가능합니다.

또한, 대형 폐가전제품 및 일부 소형 폐가전제품은 무상 수거 대상이므로, 한국전자제품자원순환공제조합(☎1599-0903)을 통해 무상 방문 수거 신청을 할 수 있습니다."
의료기,"안녕하세요! 의료기의 분리배출 가격에 대해 안내드립니다.

의료기의 분리배출 가격은 다음과 같습니다:

- 등받이, 종아리, 어깨: 5000원
- 소형 의료기: 2000원
- 손, 발: 2000원

대형 폐기물 배출 신고는 [노원구 대형 폐기물 처리 신청 홈페이지](https://smartclean.nowon.kr/online/bulky/request)에서 가능합니다.

또한, 대형 폐가전제품 및 일부 소형 폐가전제품은 무상 수거 대상이므로, 한국전자제품자원순환공제조합(☎1599-0903)을 통해 무상 방문 수거 신청을 할 수 있습니다."
안마기,"안녕하세요! 안마기의 분리배출 가격에 대해 안내드립니다.

안마기의 분리배출 가격은 다음과 같습니다:

- 등받이, 종아리, 어깨: 5000원
- 소형 의료기: 2000원
- 손, 발: 2000원

대형 폐기물 배출 신고는 [노원구 대형 폐기물 처리 신청 홈페이지](https://smartclean.nowon.kr/online/bulky/request)에서 가능합니다.

또한, 대형 폐가전제품 및 일부 소형 폐가전제품은 무상 수거 대상이므로, 한국전자제품자원순환공제조합(☎1599-0903)을 통해 무상 방문 수거 신청을 할 수 있습니다."
지팡이,"안녕하세요! 지팡이의 분리배출 가격에 대해 안내드립니다.

지팡이의 분리배출 가격은 다음과 같습니다:

- 개당: 1000원

대형 폐기물 배출 신고는 [노원구 대형 폐기물 처리 신청 홈페이지](https://smartclean.nowon.kr/online/bulky/request)에서 가능합니다.

또한, 대형 폐가전제품 및 일부 소형 폐가전제품은 무상 수거 대상이므로, 한국전자제품자원순환공제조합(☎1599-0903)을 통해 무상 방문 수거 신청을 할 수 있습니다."
청소도구,"안녕하세요! 청소도구의 분리배출 가격에 대해 안내드립니다.

청소도구의 분리배출 가격은 다음과 같습니다:

- 기타 막대형 청소도구: 1000원
- 대걸레: 1000원
- 먼지떨이: 1000원
- 빗자루: 500원
- 쓰레받이: 1000원
- 탈수통 포함 대걸레: 2000원

대형 폐기물 배출 신고는 [노원구 대형 폐기물 처리 신청 홈페이지](https://smartclean.nowon.kr/online/bulky/request)에서 가능합니다.

또한, 대형 폐가전제품 및 일부 소형 폐가전제품은 무상 수거 대상이므로, 한국전자제품자원순환공제조합(☎1599-0903)을 통해 무상 방문 수거 신청을 할 수 있습니다."
체중계,"안녕하세요! 체중계의 분리배출 가격에 대해 안내드립니다.

체중계의 분리배출 가격은 다음과 같습니다:

- 스탠드형: 3000원
- 판형: 1000원

대형 폐기물 배출 신고는 [노원구 대형 폐기물 처리 신청 홈페이지](https://smartclean.nowon.kr/online/bulky/request)에서 가능합니다.

또한, 대형 폐가전제품 및 일부 소형 폐가전제품은 무상 수거 대상이므로, 한국전자제품자원순환공제조합(☎1599-0903)을 통해 무상 방문 수거 신청을 할 수 있습니다."
타악기,"안녕하세요! 타악기의 분리배출 가격에 대해 안내드립니다.

타악기의 분리배출 가격은 다음과 같습니다:

- 꽹과리: 500원
- 북(지름 1m 미만): 1500원
- 북(지름 1m 이상): 3000원
- 장구: 1500원
- 징: 1500원

대형 폐기물 배출 신고는 [노원구 대형 폐기물 처리 신청 홈페이지](https://smartclean.nowon.kr/online/bulky/request)에서 가능합니다.

또한, 대형 폐가전제품 및 일부 소형 폐가전제품은 무상 수거 대상이므로, 한국전자제품자원순환공제조합(☎1599-0903)을 통해 무상 방문 수거 신청을 할 수 있습니다."
헬멧,"안녕하세요! 헬멧의 분리배출 가격에 대해 안내드립니다.

헬멧의 분리배출 가격은 다음과 같습니다:

- 오토바이용: 1500원
- 오토바이용 이외: 1000원

대형 폐기물 배출 신고는 [노원구 대형 폐기물 처리 신청 홈페이지](https://smartclean.nowon.kr/online/bulky/request)에서 가능합니다.

또한, 대형 폐가전제품 및 일부 소형 폐가전제품은 무상 수거 대상이므로, 한국전자제품자원순환공제조합(☎1599-0903)을 통해 무상 방문 수거 신청을 할 수 있습니다."
현악기,"안녕하세요! 현악기의 분리배출 가격에 대해 안내드립니다.

현악기의 분리배출 가격은 다음과 같습니다:

- 기타: 2000원
- 바이올린: 1500원
- 우쿨렐레: 1000원
- 첼로: 2500원

대형 폐기물 배출 신고는 [노원구 대형 폐기물 처리 신청 홈페이지](https://smartclean.nowon.kr/online/bulky/request)에서 가능합니다.

또한, 대형 폐가전제품 및 일부 소형 폐가전제품은 무상 수거 대상이므로, 한국전자제품자원순환공제조합(☎1599-0903)을 통해 무상 방문 수거 신청을 할 수 있습니다."
휠체어,"안녕하세요! 휠체어의 분리배출 가격에 대해 안내드립니다.

휠체어의 분리배출 가격은 다음과 같습니다:

- 수동식: 3000원
- 전동식: 10000원

대형 폐기물 배출 신고는 [노원구 대형 폐기물 처리 신청 홈페이지](https://smartclean.nowon.kr/online/bulky/request)에서 가능합니다.

또한, 대형 폐가전제품 및 일부 소형 폐가전제품은 무상 수거 대상이므로, 한국전자제품자원순환공제조합(☎1599-0903)을 통해 무상 방문 수거 신청을 할 수 있습니다."
LED 전광판,"안녕하세요! LED 전광판의 분리배출 가격에 대해 안내드립니다.

LED 전광판의 분리배출 가격은 다음과 같습니다:

- 긴 면이 100㎝당: 4000원

대형 폐기물 배출 신고는 [노원구 대형 폐기물 처리 신청 홈페이지](https://smartclean.nowon.kr/online/bulky/request)에서 가능합니다.

또한, 대형 폐가전제품 및 일부 소형 폐가전제품은 무상 수거 대상이므로, 한국전자제품자원순환공제조합(☎1599-0903)을 통해 무상 방문 수거 신청을 할 수 있습니다."
X배너,"안녕하세요! X배너의 분리배출 가격에 대해 안내드립니다.

X배너의 분리배출 가격은 다음과 같습니다:

- 미니배너: 1000원
- 배너: 2000원
- 배너 받침대: 1000원

대형 폐기물 배출 신고는 [노원구 대형 폐기물 처리 신청 홈페이지](https://smartclean.nowon.kr/online/bulky/request)에서 가능합니다.

또한, 대형 폐가전제품 및 일부 소형 폐가전제품은 무상 수거 대상이므로, 한국전자제품자원순환공제조합(☎1599-0903)을 통해 무상 방문 수거 신청을 할 수 있습니다."
간판,"안녕하세요! 간판의 분리배출 가격에 대해 안내드립니다.

간판의 분리배출 가격은 다음과 같습니다:

- 입체형(문자당): 3000원
- 판형(,긴 면이 100㎝당): 4000원

대형 폐기물 배출 신고는 [노원구 대형 폐기물 처리 신청 홈페이지](https://smartclean.nowon.kr/online/bulky/request)에서 가능합니다.

또한, 대형 폐가전제품 및 일부 소형 폐가전제품은 무상 수거 대상이므로, 한국전자제품자원순환공제조합(☎1599-0903)을 통해 무상 방문 수거 신청을 할 수 있습니다."
고무통,"안녕하세요! 고무통의 분리배출 가격에 대해 안내드립니다.

고무통의 분리배출 가격은 다음과 같습니다:

- 지름 100㎝ 이상: 5000원
- 지름 50㎝ 미만: 2000원
- 지름 50㎝ 이상: 3000원

대형 폐기물 배출 신고는 [노원구 대형 폐기물 처리 신청 홈페이지](https://smartclean.nowon.kr/online/bulky/request)에서 가능합니다.

또한, 대형 폐가전제품 및 일부 소형 폐가전제품은 무상 수거 대상이므로, 한국전자제품자원순환공제조합(☎1599-0903)을 통해 무상 방문 수거 신청을 할 수 있습니다."
공기청정기 필터,"안녕하세요! 공기청정기 필터의 분리배출 가격에 대해 안내드립니다.

공기청정기 필터의 분리배출 가격은 다음과 같습니다:

- 개당: 2000원

대형 폐기물 배출 신고는 [노원구 대형 폐기물 처리 신청 홈페이지](https://smartclean.nowon.kr/online/bulky/request)에서 가능합니다.

또한, 대형 폐가전제품 및 일부 소형 폐가전제품은 무상 수거 대상이므로, 한국전자제품자원순환공제조합(☎1599-0903)을 통해 무상 방문 수거 신청을 할 수 있습니다."
기타대형생활폐기물,"안녕하세요! 기타대형생활폐기물의 분리배출 가격에 대해 안내드립니다.

기타대형생활폐기물의 분리배출 가격은 다음과 같습니다:

- 50ℓ당(공사, 인테리어, 산업 폐기물 등  수거불가): 7000원

대형 폐기물 배출 신고는 [노원구 대형 폐기물 처리 신청 홈페이지](https://smartclean.nowon.kr/online/bulky/request)에서 가능합니다.

또한, 대형 폐가전제품 및 일부 소형 폐가전제품은 무상 수거 대상이므로, 한국전자제품자원순환공제조합(☎1599-0903)을 통해 무상 방문 수거 신청을 할 수 있습니다."
마네킹,"안녕하세요! 마네킹의 분리배출 가격에 대해 안내드립니다.

마네킹의 분리배출 가격은 다음과 같습니다:

- 높이 1m 미만: 3000원
- 높이 1m 이상: 5000원

대형 폐기물 배출 신고는 [노원구 대형 폐기물 처리 신청 홈페이지](https://smartclean.nowon.kr/online/bulky/request)에서 가능합니다.

또한, 대형 폐가전제품 및 일부 소형 폐가전제품은 무상 수거 대상이므로, 한국전자제품자원순환공제조합(☎1599-0903)을 통해 무상 방문 수거 신청을 할 수 있습니다."
목재류,"안녕하세요! 목재류의 분리배출 가격에 대해 안내드립니다.

목재류의 분리배출 가격은 다음과 같습니다:

- 2㎏당: 500원

대형 폐기물 배출 신고는 [노원구 대형 폐기물 처리 신청 홈페이지](https://smartclean.nowon.kr/online/bulky/request)에서 가능합니다.

또한, 대형 폐가전제품 및 일부 소형 폐가전제품은 무상 수거 대상이므로, 한국전자제품자원순환공제조합(☎1599-0903)을 통해 무상 방문 수거 신청을 할 수 있습니다."
벽시계,"안녕하세요! 벽시계의 분리배출 가격에 대해 안내드립니다.

벽시계의 분리배출 가격은 다음과 같습니다:

- 대형(높이 1m 이상): 5000원
- 소형(높이 50㎝ 미만): 2000원
- 중형(높이 1m 미만): 3000원

대형 폐기물 배출 신고는 [노원구 대형 폐기물 처리 신청 홈페이지](https://smartclean.nowon.kr/online/bulky/request)에서 가능합니다.

또한, 대형 폐가전제품 및 일부 소형 폐가전제품은 무상 수거 대상이므로, 한국전자제품자원순환공제조합(☎1599-0903)을 통해 무상 방문 수거 신청을 할 수 있습니다."
벽지,"안녕하세요! 벽지의 분리배출 가격에 대해 안내드립니다.

벽지의 분리배출 가격은 다음과 같습니다:

- 10ℓ당: 1000원

대형 폐기물 배출 신고는 [노원구 대형 폐기물 처리 신청 홈페이지](https://smartclean.nowon.kr/online/bulky/request)에서 가능합니다.

또한, 대형 폐가전제품 및 일부 소형 폐가전제품은 무상 수거 대상이므로, 한국전자제품자원순환공제조합(☎1599-0903)을 통해 무상 방문 수거 신청을 할 수 있습니다."
보조계단,"안녕하세요! 보조계단의 분리배출 가격에 대해 안내드립니다.

보조계단의 분리배출 가격은 다음과 같습니다:

- 나무(2단 이하): 1500원
- 나무(3단 이상): 3000원
- 철제(2단 이하): 3000원
- 철제(3단 이상): 5000원

대형 폐기물 배출 신고는 [노원구 대형 폐기물 처리 신청 홈페이지](https://smartclean.nowon.kr/online/bulky/request)에서 가능합니다.

또한, 대형 폐가전제품 및 일부 소형 폐가전제품은 무상 수거 대상이므로, 한국전자제품자원순환공제조합(☎1599-0903)을 통해 무상 방문 수거 신청을 할 수 있습니다."
빈 페인트통,"안녕하세요! 빈 페인트통의 분리배출 가격에 대해 안내드립니다.

빈 페인트통의 분리배출 가격은 다음과 같습니다:

- 10ℓ미만: 1000원
- 20ℓ미만: 2000원
- 20ℓ이상: 3000원

대형 폐기물 배출 신고는 [노원구 대형 폐기물 처리 신청 홈페이지](https://smartclean.nowon.kr/online/bulky/request)에서 가능합니다.

또한, 대형 폐가전제품 및 일부 소형 폐가전제품은 무상 수거 대상이므로, 한국전자제품자원순환공제조합(☎1599-0903)을 통해 무상 방문 수거 신청을 할 수 있습니다."
빨래건조대,"안녕하세요! 빨래건조대의 분리배출 가격에 대해 안내드립니다.

빨래건조대의 분리배출 가격은 다음과 같습니다:

- 소형: 1000원
- 이동식: 3000원
- 일반형: 2000원

대형 폐기물 배출 신고는 [노원구 대형 폐기물 처리 신청 홈페이지](https://smartclean.nowon.kr/online/bulky/request)에서 가능합니다.

또한, 대형 폐가전제품 및 일부 소형 폐가전제품은 무상 수거 대상이므로, 한국전자제품자원순환공제조합(☎1599-0903)을 통해 무상 방문 수거 신청을 할 수 있습니다."
사다리,"안녕하세요! 사다리의 분리배출 가격에 대해 안내드립니다.

사다리의 분리배출 가격은 다음과 같습니다:

- 5단 이하: 3000원
- 6단 이상: 5000원

대형 폐기물 배출 신고는 [노원구 대형 폐기물 처리 신청 홈페이지](https://smartclean.nowon.kr/online/bulky/request)에서 가능합니다.

또한, 대형 폐가전제품 및 일부 소형 폐가전제품은 무상 수거 대상이므로, 한국전자제품자원순환공제조합(☎1599-0903)을 통해 무상 방문 수거 신청을 할 수 있습니다."
삽,"안녕하세요! 삽의 분리배출 가격에 대해 안내드립니다.

삽의 분리배출 가격은 다음과 같습니다:

- 개당: 1000원

대형 폐기물 배출 신고는 [노원구 대형 폐기물 처리 신청 홈페이지](https://smartclean.nowon.kr/online/bulky/request)에서 가능합니다.

또한, 대형 폐가전제품 및 일부 소형 폐가전제품은 무상 수거 대상이므로, 한국전자제품자원순환공제조합(☎1599-0903)을 통해 무상 방문 수거 신청을 할 수 있습니다."
소화기,"안녕하세요! 소화기의 분리배출 가격에 대해 안내드립니다.

소화기의 분리배출 가격은 다음과 같습니다:

- 10㎏ 이하: 3000원
- 10㎏ 초과 20㎏ 이하(20㎏ 초과, 10개 이상 전문업체에서 처리): 5000원

대형 폐기물 배출 신고는 [노원구 대형 폐기물 처리 신청 홈페이지](https://smartclean.nowon.kr/online/bulky/request)에서 가능합니다.

또한, 대형 폐가전제품 및 일부 소형 폐가전제품은 무상 수거 대상이므로, 한국전자제품자원순환공제조합(☎1599-0903)을 통해 무상 방문 수거 신청을 할 수 있습니다."
수도호스,"안녕하세요! 수도호스의 분리배출 가격에 대해 안내드립니다.

수도호스의 분리배출 가격은 다음과 같습니다:

- 10m당: 2000원

대형 폐기물 배출 신고는 [노원구 대형 폐기물 처리 신청 홈페이지](https://smartclean.nowon.kr/online/bulky/request)에서 가능합니다.

또한, 대형 폐가전제품 및 일부 소형 폐가전제품은 무상 수거 대상이므로, 한국전자제품자원순환공제조합(☎1599-0903)을 통해 무상 방문 수거 신청을 할 수 있습니다."
신발,"안녕하세요! 신발의 분리배출 가격에 대해 안내드립니다.

신발의 분리배출 가격은 다음과 같습니다:

- 모든 규격: 1000원

대형 폐기물 배출 신고는 [노원구 대형 폐기물 처리 신청 홈페이지](https://smartclean.nowon.kr/online/bulky/request)에서 가능합니다.

또한, 대형 폐가전제품 및 일부 소형 폐가전제품은 무상 수거 대상이므로, 한국전자제품자원순환공제조합(☎1599-0903)을 통해 무상 방문 수거 신청을 할 수 있습니다."
우산,"안녕하세요! 우산의 분리배출 가격에 대해 안내드립니다.

우산의 분리배출 가격은 다음과 같습니다:

- 1단(장우산/장양산): 1000원
- 2, 3단: 500원
- 비닐우산: 500원
- 어린이우산: 500원
- 파라솔: 2000원

대형 폐기물 배출 신고는 [노원구 대형 폐기물 처리 신청 홈페이지](https://smartclean.nowon.kr/online/bulky/request)에서 가능합니다.

또한, 대형 폐가전제품 및 일부 소형 폐가전제품은 무상 수거 대상이므로, 한국전자제품자원순환공제조합(☎1599-0903)을 통해 무상 방문 수거 신청을 할 수 있습니다."
양산,"안녕하세요! 양산의 분리배출 가격에 대해 안내드립니다.

양산의 분리배출 가격은 다음과 같습니다:

- 1단(장우산/장양산): 1000원
- 2, 3단: 500원
- 비닐우산: 500원
- 어린이우산: 500원
- 파라솔: 2000원

대형 폐기물 배출 신고는 [노원구 대형 폐기물 처리 신청 홈페이지](https://smartclean.nowon.kr/online/bulky/request)에서 가능합니다.

또한, 대형 폐가전제품 및 일부 소형 폐가전제품은 무상 수거 대상이므로, 한국전자제품자원순환공제조합(☎1599-0903)을 통해 무상 방문 수거 신청을 할 수 있습니다."
인조나무,"안녕하세요! 인조나무의 분리배출 가격에 대해 안내드립니다.

인조나무의 분리배출 가격은 다음과 같습니다:

- 높이 100㎝ 이하: 6000원
- 높이 150㎝ 이하: 8000원
- 높이 200㎝ 이하: 10000원
- 높이 50㎝ 이하: 4000원

대형 폐기물 배출 신고는 [노원구 대형 폐기물 처리 신청 홈페이지](https://smartclean.nowon.kr/online/bulky/request)에서 가능합니다.

또한, 대형 폐가전제품 및 일부 소형 폐가전제품은 무상 수거 대상이므로, 한국전자제품자원순환공제조합(☎1599-0903)을 통해 무상 방문 수거 신청을 할 수 있습니다."
크리스마스 트리,"안녕하세요! 크리스마스 트리의 분리배출 가격에 대해 안내드립니다.

크리스마스 트리의 분리배출 가격은 다음과 같습니다:

- 높이 100㎝ 이하: 6000원
- 높이 150㎝ 이하: 8000원
- 높이 200㎝ 이하: 10000원
- 높이 50㎝ 이하: 4000원

대형 폐기물 배출 신고는 [노원구 대형 폐기물 처리 신청 홈페이지](https://smartclean.nowon.kr/online/bulky/request)에서 가능합니다.

또한, 대형 폐가전제품 및 일부 소형 폐가전제품은 무상 수거 대상이므로, 한국전자제품자원순환공제조합(☎1599-0903)을 통해 무상 방문 수거 신청을 할 수 있습니다."
인조,"안녕하세요! 인조의 분리배출 가격에 대해 안내드립니다.

인조의 분리배출 가격은 다음과 같습니다:

- 잔디㎡당: 1000원

대형 폐기물 배출 신고는 [노원구 대형 폐기물 처리 신청 홈페이지](https://smartclean.nowon.kr/online/bulky/request)에서 가능합니다.

또한, 대형 폐가전제품 및 일부 소형 폐가전제품은 무상 수거 대상이므로, 한국전자제품자원순환공제조합(☎1599-0903)을 통해 무상 방문 수거 신청을 할 수 있습니다."
입간판,"안녕하세요! 입간판의 분리배출 가격에 대해 안내드립니다.

입간판의 분리배출 가격은 다음과 같습니다:

- 에어라이트(광고풍선): 5000원
- 판형(높이 100㎝당): 2000원

대형 폐기물 배출 신고는 [노원구 대형 폐기물 처리 신청 홈페이지](https://smartclean.nowon.kr/online/bulky/request)에서 가능합니다.

또한, 대형 폐가전제품 및 일부 소형 폐가전제품은 무상 수거 대상이므로, 한국전자제품자원순환공제조합(☎1599-0903)을 통해 무상 방문 수거 신청을 할 수 있습니다."
재봉틀,"안녕하세요! 재봉틀의 분리배출 가격에 대해 안내드립니다.

재봉틀의 분리배출 가격은 다음과 같습니다:

- 가정용: 2000원

대형 폐기물 배출 신고는 [노원구 대형 폐기물 처리 신청 홈페이지](https://smartclean.nowon.kr/online/bulky/request)에서 가능합니다.

또한, 대형 폐가전제품 및 일부 소형 폐가전제품은 무상 수거 대상이므로, 한국전자제품자원순환공제조합(☎1599-0903)을 통해 무상 방문 수거 신청을 할 수 있습니다."
제기함,"안녕하세요! 제기함의 분리배출 가격에 대해 안내드립니다.

제기함의 분리배출 가격은 다음과 같습니다:

- 제기포함: 3000원

대형 폐기물 배출 신고는 [노원구 대형 폐기물 처리 신청 홈페이지](https://smartclean.nowon.kr/online/bulky/request)에서 가능합니다.

또한, 대형 폐가전제품 및 일부 소형 폐가전제품은 무상 수거 대상이므로, 한국전자제품자원순환공제조합(☎1599-0903)을 통해 무상 방문 수거 신청을 할 수 있습니다."
철제류,"안녕하세요! 철제류의 분리배출 가격에 대해 안내드립니다.

철제류의 분리배출 가격은 다음과 같습니다:

- 2㎏당: 500원

대형 폐기물 배출 신고는 [노원구 대형 폐기물 처리 신청 홈페이지](https://smartclean.nowon.kr/online/bulky/request)에서 가능합니다.

또한, 대형 폐가전제품 및 일부 소형 폐가전제품은 무상 수거 대상이므로, 한국전자제품자원순환공제조합(☎1599-0903)을 통해 무상 방문 수거 신청을 할 수 있습니다."
통나무,"안녕하세요! 통나무의 분리배출 가격에 대해 안내드립니다.

통나무의 분리배출 가격은 다음과 같습니다:

- 10㎏ 이하: 3000원
- 20㎏ 이하: 6000원

대형 폐기물 배출 신고는 [노원구 대형 폐기물 처리 신청 홈페이지](https://smartclean.nowon.kr/online/bulky/request)에서 가능합니다.

또한, 대형 폐가전제품 및 일부 소형 폐가전제품은 무상 수거 대상이므로, 한국전자제품자원순환공제조합(☎1599-0903)을 통해 무상 방문 수거 신청을 할 수 있습니다."
트로피,"안녕하세요! 트로피의 분리배출 가격에 대해 안내드립니다.

트로피의 분리배출 가격은 다음과 같습니다:

- 대형(1m 이상): 4000원
- 소형: 1000원

대형 폐기물 배출 신고는 [노원구 대형 폐기물 처리 신청 홈페이지](https://smartclean.nowon.kr/online/bulky/request)에서 가능합니다.

또한, 대형 폐가전제품 및 일부 소형 폐가전제품은 무상 수거 대상이므로, 한국전자제품자원순환공제조합(☎1599-0903)을 통해 무상 방문 수거 신청을 할 수 있습니다."
폐스티로폼,"안녕하세요! 폐스티로폼의 분리배출 가격에 대해 안내드립니다.

폐스티로폼의 분리배출 가격은 다음과 같습니다:

- 10ℓ당: 1000원

대형 폐기물 배출 신고는 [노원구 대형 폐기물 처리 신청 홈페이지](https://smartclean.nowon.kr/online/bulky/request)에서 가능합니다.

또한, 대형 폐가전제품 및 일부 소형 폐가전제품은 무상 수거 대상이므로, 한국전자제품자원순환공제조합(☎1599-0903)을 통해 무상 방문 수거 신청을 할 수 있습니다."
플라스틱류,"안녕하세요! 플라스틱류의 분리배출 가격에 대해 안내드립니다.

플라스틱류의 분리배출 가격은 다음과 같습니다:

- 2㎏당: 500원

대형 폐기물 배출 신고는 [노원구 대형 폐기물 처리 신청 홈페이지](https://smartclean.nowon.kr/online/bulky/request)에서 가능합니다.

또한, 대형 폐가전제품 및 일부 소형 폐가전제품은 무상 수거 대상이므로, 한국전자제품자원순환공제조합(☎1599-0903)을 통해 무상 방문 수거 신청을 할 수 있습니다."
현수막,"안녕하세요! 현수막의 분리배출 가격에 대해 안내드립니다.

현수막의 분리배출 가격은 다음과 같습니다:

- 개당: 1000원

대형 폐기물 배출 신고는 [노원구 대형 폐기물 처리 신청 홈페이지](https://smartclean.nowon.kr/online/bulky/request)에서 가능합니다.

또한, 대형 폐가전제품 및 일부 소형 폐가전제품은 무상 수거 대상이므로, 한국전자제품자원순환공제조합(☎1599-0903)을 통해 무상 방문 수거 신청을 할 수 있습니다."
화분,"안녕하세요! 화분의 분리배출 가격에 대해 안내드립니다.

화분의 분리배출 가격은 다음과 같습니다:

- 높이 50㎝ 미만: 1000원
- 높이 50㎝ 이상: 2000원
- 화분대: 1000원

대형 폐기물 배출 신고는 [노원구 대형 폐기물 처리 신청 홈페이지](https://smartclean.nowon.kr/online/bulky/request)에서 가능합니다.

또한, 대형 폐가전제품 및 일부 소형 폐가전제품은 무상 수거 대상이므로, 한국전자제품자원순환공제조합(☎1599-0903)을 통해 무상 방문 수거 신청을 할 수 있습니다."
화환,"안녕하세요! 화환의 분리배출 가격에 대해 안내드립니다.

화환의 분리배출 가격은 다음과 같습니다:

- 2단 이하: 2000원
- 3단 이상: 3000원

대형 폐기물 배출 신고는 [노원구 대형 폐기물 처리 신청 홈페이지](https://smartclean.nowon.kr/online/bulky/request)에서 가능합니다.

또한, 대형 폐가전제품 및 일부 소형 폐가전제품은 무상 수거 대상이므로, 한국전자제품자원순환공제조합(☎1599-0903)을 통해 무상 방문 수거 신청을 할 수 있습니다."
각종 라켓,"안녕하세요! 각종 라켓의 분리배출 가격에 대해 안내드립니다.

각종 라켓의 분리배출 가격은 다음과 같습니다:

- 모든 규격: 1000원

대형 폐기물 배출 신고는 [노원구 대형 폐기물 처리 신청 홈페이지](https://smartclean.nowon.kr/online/bulky/request)에서 가능합니다.

또한, 대형 폐가전제품 및 일부 소형 폐가전제품은 무상 수거 대상이므로, 한국전자제품자원순환공제조합(☎1599-0903)을 통해 무상 방문 수거 신청을 할 수 있습니다."
골프채,"안녕하세요! 골프채의 분리배출 가격에 대해 안내드립니다.

골프채의 분리배출 가격은 다음과 같습니다:

- 모든 규격: 1000원

대형 폐기물 배출 신고는 [노원구 대형 폐기물 처리 신청 홈페이지](https://smartclean.nowon.kr/online/bulky/request)에서 가능합니다.

또한, 대형 폐가전제품 및 일부 소형 폐가전제품은 무상 수거 대상이므로, 한국전자제품자원순환공제조합(☎1599-0903)을 통해 무상 방문 수거 신청을 할 수 있습니다."
기타 운동기구,"안녕하세요! 기타 운동기구의 분리배출 가격에 대해 안내드립니다.

기타 운동기구의 분리배출 가격은 다음과 같습니다:

- 3kg당 또는 가장 긴 면이 30cm 마다: 1000원

대형 폐기물 배출 신고는 [노원구 대형 폐기물 처리 신청 홈페이지](https://smartclean.nowon.kr/online/bulky/request)에서 가능합니다.

또한, 대형 폐가전제품 및 일부 소형 폐가전제품은 무상 수거 대상이므로, 한국전자제품자원순환공제조합(☎1599-0903)을 통해 무상 방문 수거 신청을 할 수 있습니다."
낚시대,"안녕하세요! 낚시대의 분리배출 가격에 대해 안내드립니다.

낚시대의 분리배출 가격은 다음과 같습니다:

- 모든 규격: 1000원

대형 폐기물 배출 신고는 [노원구 대형 폐기물 처리 신청 홈페이지](https://smartclean.nowon.kr/online/bulky/request)에서 가능합니다.

또한, 대형 폐가전제품 및 일부 소형 폐가전제품은 무상 수거 대상이므로, 한국전자제품자원순환공제조합(☎1599-0903)을 통해 무상 방문 수거 신청을 할 수 있습니다."
당구장 점수판,"안녕하세요! 당구장 점수판의 분리배출 가격에 대해 안내드립니다.

당구장 점수판의 분리배출 가격은 다음과 같습니다:

- 모든 규격: 3000원

대형 폐기물 배출 신고는 [노원구 대형 폐기물 처리 신청 홈페이지](https://smartclean.nowon.kr/online/bulky/request)에서 가능합니다.

또한, 대형 폐가전제품 및 일부 소형 폐가전제품은 무상 수거 대상이므로, 한국전자제품자원순환공제조합(☎1599-0903)을 통해 무상 방문 수거 신청을 할 수 있습니다."
멀티운동기구,"안녕하세요! 멀티운동기구의 분리배출 가격에 대해 안내드립니다.

멀티운동기구의 분리배출 가격은 다음과 같습니다:

- 쇠봉: 1000원
- 윗몸일으키기용(싯업보드): 4000원
- 프레스 미포함: 5000원
- 프레스 포함: 20000원

대형 폐기물 배출 신고는 [노원구 대형 폐기물 처리 신청 홈페이지](https://smartclean.nowon.kr/online/bulky/request)에서 가능합니다.

또한, 대형 폐가전제품 및 일부 소형 폐가전제품은 무상 수거 대상이므로, 한국전자제품자원순환공제조합(☎1599-0903)을 통해 무상 방문 수거 신청을 할 수 있습니다."
홈짐,"안녕하세요! 홈짐의 분리배출 가격에 대해 안내드립니다.

홈짐의 분리배출 가격은 다음과 같습니다:

- 쇠봉: 1000원
- 윗몸일으키기용(싯업보드): 4000원
- 프레스 미포함: 5000원
- 프레스 포함: 20000원

대형 폐기물 배출 신고는 [노원구 대형 폐기물 처리 신청 홈페이지](https://smartclean.nowon.kr/online/bulky/request)에서 가능합니다.

또한, 대형 폐가전제품 및 일부 소형 폐가전제품은 무상 수거 대상이므로, 한국전자제품자원순환공제조합(☎1599-0903)을 통해 무상 방문 수거 신청을 할 수 있습니다."
볼링공,"안녕하세요! 볼링공의 분리배출 가격에 대해 안내드립니다.

볼링공의 분리배출 가격은 다음과 같습니다:

- 모든 규격: 2000원

대형 폐기물 배출 신고는 [노원구 대형 폐기물 처리 신청 홈페이지](https://smartclean.nowon.kr/online/bulky/request)에서 가능합니다.

또한, 대형 폐가전제품 및 일부 소형 폐가전제품은 무상 수거 대상이므로, 한국전자제품자원순환공제조합(☎1599-0903)을 통해 무상 방문 수거 신청을 할 수 있습니다."
샌드백,"안녕하세요! 샌드백의 분리배출 가격에 대해 안내드립니다.

샌드백의 분리배출 가격은 다음과 같습니다:

- 높이 1m 미만: 2000원
- 높이 1m 이상: 4000원

대형 폐기물 배출 신고는 [노원구 대형 폐기물 처리 신청 홈페이지](https://smartclean.nowon.kr/online/bulky/request)에서 가능합니다.

또한, 대형 폐가전제품 및 일부 소형 폐가전제품은 무상 수거 대상이므로, 한국전자제품자원순환공제조합(☎1599-0903)을 통해 무상 방문 수거 신청을 할 수 있습니다."
스노보드,"안녕하세요! 스노보드의 분리배출 가격에 대해 안내드립니다.

스노보드의 분리배출 가격은 다음과 같습니다:

- 보드: 3000원
- 보드부츠(한 짝당): 500원

대형 폐기물 배출 신고는 [노원구 대형 폐기물 처리 신청 홈페이지](https://smartclean.nowon.kr/online/bulky/request)에서 가능합니다.

또한, 대형 폐가전제품 및 일부 소형 폐가전제품은 무상 수거 대상이므로, 한국전자제품자원순환공제조합(☎1599-0903)을 통해 무상 방문 수거 신청을 할 수 있습니다."
스케이트,"안녕하세요! 스케이트의 분리배출 가격에 대해 안내드립니다.

스케이트의 분리배출 가격은 다음과 같습니다:

- 모든 규격(한 짝당): 1000원

대형 폐기물 배출 신고는 [노원구 대형 폐기물 처리 신청 홈페이지](https://smartclean.nowon.kr/online/bulky/request)에서 가능합니다.

또한, 대형 폐가전제품 및 일부 소형 폐가전제품은 무상 수거 대상이므로, 한국전자제품자원순환공제조합(☎1599-0903)을 통해 무상 방문 수거 신청을 할 수 있습니다."
스케이트 보드,"안녕하세요! 스케이트 보드의 분리배출 가격에 대해 안내드립니다.

스케이트 보드의 분리배출 가격은 다음과 같습니다:

- 모든 규격: 2000원

대형 폐기물 배출 신고는 [노원구 대형 폐기물 처리 신청 홈페이지](https://smartclean.nowon.kr/online/bulky/request)에서 가능합니다.

또한, 대형 폐가전제품 및 일부 소형 폐가전제품은 무상 수거 대상이므로, 한국전자제품자원순환공제조합(☎1599-0903)을 통해 무상 방문 수거 신청을 할 수 있습니다."
스쿼트머신,"안녕하세요! 스쿼트머신의 분리배출 가격에 대해 안내드립니다.

스쿼트머신의 분리배출 가격은 다음과 같습니다:

- 가정용: 3000원

대형 폐기물 배출 신고는 [노원구 대형 폐기물 처리 신청 홈페이지](https://smartclean.nowon.kr/online/bulky/request)에서 가능합니다.

또한, 대형 폐가전제품 및 일부 소형 폐가전제품은 무상 수거 대상이므로, 한국전자제품자원순환공제조합(☎1599-0903)을 통해 무상 방문 수거 신청을 할 수 있습니다."
스키,"안녕하세요! 스키의 분리배출 가격에 대해 안내드립니다.

스키의 분리배출 가격은 다음과 같습니다:

- 스키(한 짝당): 1000원
- 스키부츠(한 짝당): 500원
- 스키폴대(개당): 500원

대형 폐기물 배출 신고는 [노원구 대형 폐기물 처리 신청 홈페이지](https://smartclean.nowon.kr/online/bulky/request)에서 가능합니다.

또한, 대형 폐가전제품 및 일부 소형 폐가전제품은 무상 수거 대상이므로, 한국전자제품자원순환공제조합(☎1599-0903)을 통해 무상 방문 수거 신청을 할 수 있습니다."
스탭퍼,"안녕하세요! 스탭퍼의 분리배출 가격에 대해 안내드립니다.

스탭퍼의 분리배출 가격은 다음과 같습니다:

- 발판만 있는 것: 2000원
- 손잡이 일체형: 3000원

대형 폐기물 배출 신고는 [노원구 대형 폐기물 처리 신청 홈페이지](https://smartclean.nowon.kr/online/bulky/request)에서 가능합니다.

또한, 대형 폐가전제품 및 일부 소형 폐가전제품은 무상 수거 대상이므로, 한국전자제품자원순환공제조합(☎1599-0903)을 통해 무상 방문 수거 신청을 할 수 있습니다."
승마운동기구,"안녕하세요! 승마운동기구의 분리배출 가격에 대해 안내드립니다.

승마운동기구의 분리배출 가격은 다음과 같습니다:

- 가정용: 5000원

대형 폐기물 배출 신고는 [노원구 대형 폐기물 처리 신청 홈페이지](https://smartclean.nowon.kr/online/bulky/request)에서 가능합니다.

또한, 대형 폐가전제품 및 일부 소형 폐가전제품은 무상 수거 대상이므로, 한국전자제품자원순환공제조합(☎1599-0903)을 통해 무상 방문 수거 신청을 할 수 있습니다."
아령,"안녕하세요! 아령의 분리배출 가격에 대해 안내드립니다.

아령의 분리배출 가격은 다음과 같습니다:

- 2㎏당: 500원
- 쇠봉: 1000원

대형 폐기물 배출 신고는 [노원구 대형 폐기물 처리 신청 홈페이지](https://smartclean.nowon.kr/online/bulky/request)에서 가능합니다.

또한, 대형 폐가전제품 및 일부 소형 폐가전제품은 무상 수거 대상이므로, 한국전자제품자원순환공제조합(☎1599-0903)을 통해 무상 방문 수거 신청을 할 수 있습니다."
덤벨,"안녕하세요! 덤벨의 분리배출 가격에 대해 안내드립니다.

덤벨의 분리배출 가격은 다음과 같습니다:

- 2㎏당: 500원
- 쇠봉: 1000원

대형 폐기물 배출 신고는 [노원구 대형 폐기물 처리 신청 홈페이지](https://smartclean.nowon.kr/online/bulky/request)에서 가능합니다.

또한, 대형 폐가전제품 및 일부 소형 폐가전제품은 무상 수거 대상이므로, 한국전자제품자원순환공제조합(☎1599-0903)을 통해 무상 방문 수거 신청을 할 수 있습니다."
야구배트,"안녕하세요! 야구배트의 분리배출 가격에 대해 안내드립니다.

야구배트의 분리배출 가격은 다음과 같습니다:

- 모든 규격: 1000원

대형 폐기물 배출 신고는 [노원구 대형 폐기물 처리 신청 홈페이지](https://smartclean.nowon.kr/online/bulky/request)에서 가능합니다.

또한, 대형 폐가전제품 및 일부 소형 폐가전제품은 무상 수거 대상이므로, 한국전자제품자원순환공제조합(☎1599-0903)을 통해 무상 방문 수거 신청을 할 수 있습니다."
요가매트,"안녕하세요! 요가매트의 분리배출 가격에 대해 안내드립니다.

요가매트의 분리배출 가격은 다음과 같습니다:

- 1인용: 1000원
- 2인용 이상: 2000원

대형 폐기물 배출 신고는 [노원구 대형 폐기물 처리 신청 홈페이지](https://smartclean.nowon.kr/online/bulky/request)에서 가능합니다.

또한, 대형 폐가전제품 및 일부 소형 폐가전제품은 무상 수거 대상이므로, 한국전자제품자원순환공제조합(☎1599-0903)을 통해 무상 방문 수거 신청을 할 수 있습니다."
일반자전거,"안녕하세요! 일반자전거의 분리배출 가격에 대해 안내드립니다.

일반자전거의 분리배출 가격은 다음과 같습니다:

- 성인용: 4000원
- 아동용: 3000원
- 유아용(세발자전거): 2000원

대형 폐기물 배출 신고는 [노원구 대형 폐기물 처리 신청 홈페이지](https://smartclean.nowon.kr/online/bulky/request)에서 가능합니다.

또한, 대형 폐가전제품 및 일부 소형 폐가전제품은 무상 수거 대상이므로, 한국전자제품자원순환공제조합(☎1599-0903)을 통해 무상 방문 수거 신청을 할 수 있습니다."
일반킥보드,"안녕하세요! 일반킥보드의 분리배출 가격에 대해 안내드립니다.

일반킥보드의 분리배출 가격은 다음과 같습니다:

- 성인용: 3000원
- 아동용: 2000원

대형 폐기물 배출 신고는 [노원구 대형 폐기물 처리 신청 홈페이지](https://smartclean.nowon.kr/online/bulky/request)에서 가능합니다.

또한, 대형 폐가전제품 및 일부 소형 폐가전제품은 무상 수거 대상이므로, 한국전자제품자원순환공제조합(☎1599-0903)을 통해 무상 방문 수거 신청을 할 수 있습니다."
자전거 타이어,"안녕하세요! 자전거 타이어의 분리배출 가격에 대해 안내드립니다.

자전거 타이어의 분리배출 가격은 다음과 같습니다:

- 모든 규격: 1000원

대형 폐기물 배출 신고는 [노원구 대형 폐기물 처리 신청 홈페이지](https://smartclean.nowon.kr/online/bulky/request)에서 가능합니다.

또한, 대형 폐가전제품 및 일부 소형 폐가전제품은 무상 수거 대상이므로, 한국전자제품자원순환공제조합(☎1599-0903)을 통해 무상 방문 수거 신청을 할 수 있습니다."
전동자전거,"안녕하세요! 전동자전거의 분리배출 가격에 대해 안내드립니다.

전동자전거의 분리배출 가격은 다음과 같습니다:

- 모든 규격: 6000원

대형 폐기물 배출 신고는 [노원구 대형 폐기물 처리 신청 홈페이지](https://smartclean.nowon.kr/online/bulky/request)에서 가능합니다.

또한, 대형 폐가전제품 및 일부 소형 폐가전제품은 무상 수거 대상이므로, 한국전자제품자원순환공제조합(☎1599-0903)을 통해 무상 방문 수거 신청을 할 수 있습니다."
전동킥보드,"안녕하세요! 전동킥보드의 분리배출 가격에 대해 안내드립니다.

전동킥보드의 분리배출 가격은 다음과 같습니다:

- 모든 규격: 4000원

대형 폐기물 배출 신고는 [노원구 대형 폐기물 처리 신청 홈페이지](https://smartclean.nowon.kr/online/bulky/request)에서 가능합니다.

또한, 대형 폐가전제품 및 일부 소형 폐가전제품은 무상 수거 대상이므로, 한국전자제품자원순환공제조합(☎1599-0903)을 통해 무상 방문 수거 신청을 할 수 있습니다."
전신스트레칭 기구,"안녕하세요! 전신스트레칭 기구의 분리배출 가격에 대해 안내드립니다.

전신스트레칭 기구의 분리배출 가격은 다음과 같습니다:

- 거꾸리 등: 5000원

대형 폐기물 배출 신고는 [노원구 대형 폐기물 처리 신청 홈페이지](https://smartclean.nowon.kr/online/bulky/request)에서 가능합니다.

또한, 대형 폐가전제품 및 일부 소형 폐가전제품은 무상 수거 대상이므로, 한국전자제품자원순환공제조합(☎1599-0903)을 통해 무상 방문 수거 신청을 할 수 있습니다."
점핑보드,"안녕하세요! 점핑보드의 분리배출 가격에 대해 안내드립니다.

점핑보드의 분리배출 가격은 다음과 같습니다:

- 가정용: 3000원

대형 폐기물 배출 신고는 [노원구 대형 폐기물 처리 신청 홈페이지](https://smartclean.nowon.kr/online/bulky/request)에서 가능합니다.

또한, 대형 폐가전제품 및 일부 소형 폐가전제품은 무상 수거 대상이므로, 한국전자제품자원순환공제조합(☎1599-0903)을 통해 무상 방문 수거 신청을 할 수 있습니다."
탁구대,"안녕하세요! 탁구대의 분리배출 가격에 대해 안내드립니다.

탁구대의 분리배출 가격은 다음과 같습니다:

- 모든 규격: 15000원

대형 폐기물 배출 신고는 [노원구 대형 폐기물 처리 신청 홈페이지](https://smartclean.nowon.kr/online/bulky/request)에서 가능합니다.

또한, 대형 폐가전제품 및 일부 소형 폐가전제품은 무상 수거 대상이므로, 한국전자제품자원순환공제조합(☎1599-0903)을 통해 무상 방문 수거 신청을 할 수 있습니다."
"폴대, 스틱류","안녕하세요! 폴대, 스틱류의 분리배출 가격에 대해 안내드립니다.

폴대, 스틱류의 분리배출 가격은 다음과 같습니다:

- 모든 규격: 1000원

대형 폐기물 배출 신고는 [노원구 대형 폐기물 처리 신청 홈페이지](https://smartclean.nowon.kr/online/bulky/request)에서 가능합니다.

또한, 대형 폐가전제품 및 일부 소형 폐가전제품은 무상 수거 대상이므로, 한국전자제품자원순환공제조합(☎1599-0903)을 통해 무상 방문 수거 신청을 할 수 있습니다."
헬스자전거,"안녕하세요! 헬스자전거의 분리배출 가격에 대해 안내드립니다.

헬스자전거의 분리배출 가격은 다음과 같습니다:

- 가정용: 5000원

대형 폐기물 배출 신고는 [노원구 대형 폐기물 처리 신청 홈페이지](https://smartclean.nowon.kr/online/bulky/request)에서 가능합니다.

또한, 대형 폐가전제품 및 일부 소형 폐가전제품은 무상 수거 대상이므로, 한국전자제품자원순환공제조합(☎1599-0903)을 통해 무상 방문 수거 신청을 할 수 있습니다."
기저귀 갈이대,"안녕하세요! 기저귀 갈이대의 분리배출 가격에 대해 안내드립니다.

기저귀 갈이대의 분리배출 가격은 다음과 같습니다:

- 스탠드형: 3000원
- 좌식형: 2000원

대형 폐기물 배출 신고는 [노원구 대형 폐기물 처리 신청 홈페이지](https://smartclean.nowon.kr/online/bulky/request)에서 가능합니다.

또한, 대형 폐가전제품 및 일부 소형 폐가전제품은 무상 수거 대상이므로, 한국전자제품자원순환공제조합(☎1599-0903)을 통해 무상 방문 수거 신청을 할 수 있습니다."
대형 장난감,"안녕하세요! 대형 장난감의 분리배출 가격에 대해 안내드립니다.

대형 장난감의 분리배출 가격은 다음과 같습니다:

- 세트당: 3000원

대형 폐기물 배출 신고는 [노원구 대형 폐기물 처리 신청 홈페이지](https://smartclean.nowon.kr/online/bulky/request)에서 가능합니다.

또한, 대형 폐가전제품 및 일부 소형 폐가전제품은 무상 수거 대상이므로, 한국전자제품자원순환공제조합(☎1599-0903)을 통해 무상 방문 수거 신청을 할 수 있습니다."
미끄럼틀,"안녕하세요! 미끄럼틀의 분리배출 가격에 대해 안내드립니다.

미끄럼틀의 분리배출 가격은 다음과 같습니다:

- 높이 1m 미만: 5000원
- 높이 1m 이상: 7000원

대형 폐기물 배출 신고는 [노원구 대형 폐기물 처리 신청 홈페이지](https://smartclean.nowon.kr/online/bulky/request)에서 가능합니다.

또한, 대형 폐가전제품 및 일부 소형 폐가전제품은 무상 수거 대상이므로, 한국전자제품자원순환공제조합(☎1599-0903)을 통해 무상 방문 수거 신청을 할 수 있습니다."
베이비룸,"안녕하세요! 베이비룸의 분리배출 가격에 대해 안내드립니다.

베이비룸의 분리배출 가격은 다음과 같습니다:

- 조립형 1칸당: 500원

대형 폐기물 배출 신고는 [노원구 대형 폐기물 처리 신청 홈페이지](https://smartclean.nowon.kr/online/bulky/request)에서 가능합니다.

또한, 대형 폐가전제품 및 일부 소형 폐가전제품은 무상 수거 대상이므로, 한국전자제품자원순환공제조합(☎1599-0903)을 통해 무상 방문 수거 신청을 할 수 있습니다."
소형 장난감,"안녕하세요! 소형 장난감의 분리배출 가격에 대해 안내드립니다.

소형 장난감의 분리배출 가격은 다음과 같습니다:

- 2㎏당: 500원

대형 폐기물 배출 신고는 [노원구 대형 폐기물 처리 신청 홈페이지](https://smartclean.nowon.kr/online/bulky/request)에서 가능합니다.

또한, 대형 폐가전제품 및 일부 소형 폐가전제품은 무상 수거 대상이므로, 한국전자제품자원순환공제조합(☎1599-0903)을 통해 무상 방문 수거 신청을 할 수 있습니다."
수면보조용품,"안녕하세요! 수면보조용품의 분리배출 가격에 대해 안내드립니다.

수면보조용품의 분리배출 가격은 다음과 같습니다:

- 뒤집기 방지 쿠션 등: 1000원

대형 폐기물 배출 신고는 [노원구 대형 폐기물 처리 신청 홈페이지](https://smartclean.nowon.kr/online/bulky/request)에서 가능합니다.

또한, 대형 폐가전제품 및 일부 소형 폐가전제품은 무상 수거 대상이므로, 한국전자제품자원순환공제조합(☎1599-0903)을 통해 무상 방문 수거 신청을 할 수 있습니다."
식탁일체형 의자,"안녕하세요! 식탁일체형 의자의 분리배출 가격에 대해 안내드립니다.

식탁일체형 의자의 분리배출 가격은 다음과 같습니다:

- 모든 규격: 3000원

대형 폐기물 배출 신고는 [노원구 대형 폐기물 처리 신청 홈페이지](https://smartclean.nowon.kr/online/bulky/request)에서 가능합니다.

또한, 대형 폐가전제품 및 일부 소형 폐가전제품은 무상 수거 대상이므로, 한국전자제품자원순환공제조합(☎1599-0903)을 통해 무상 방문 수거 신청을 할 수 있습니다."
아기매트,"안녕하세요! 아기매트의 분리배출 가격에 대해 안내드립니다.

아기매트의 분리배출 가격은 다음과 같습니다:

- ㎡당(두께 2㎝ 미만): 500원
- ㎡당(두께 2㎝ 이상): 1000원

대형 폐기물 배출 신고는 [노원구 대형 폐기물 처리 신청 홈페이지](https://smartclean.nowon.kr/online/bulky/request)에서 가능합니다.

또한, 대형 폐가전제품 및 일부 소형 폐가전제품은 무상 수거 대상이므로, 한국전자제품자원순환공제조합(☎1599-0903)을 통해 무상 방문 수거 신청을 할 수 있습니다."
아기변기,"안녕하세요! 아기변기의 분리배출 가격에 대해 안내드립니다.

아기변기의 분리배출 가격은 다음과 같습니다:

- 모든 규격: 2000원

대형 폐기물 배출 신고는 [노원구 대형 폐기물 처리 신청 홈페이지](https://smartclean.nowon.kr/online/bulky/request)에서 가능합니다.

또한, 대형 폐가전제품 및 일부 소형 폐가전제품은 무상 수거 대상이므로, 한국전자제품자원순환공제조합(☎1599-0903)을 통해 무상 방문 수거 신청을 할 수 있습니다."
아기비데,"안녕하세요! 아기비데의 분리배출 가격에 대해 안내드립니다.

아기비데의 분리배출 가격은 다음과 같습니다:

- 모든 규격: 2000원

대형 폐기물 배출 신고는 [노원구 대형 폐기물 처리 신청 홈페이지](https://smartclean.nowon.kr/online/bulky/request)에서 가능합니다.

또한, 대형 폐가전제품 및 일부 소형 폐가전제품은 무상 수거 대상이므로, 한국전자제품자원순환공제조합(☎1599-0903)을 통해 무상 방문 수거 신청을 할 수 있습니다."
아기욕조,"안녕하세요! 아기욕조의 분리배출 가격에 대해 안내드립니다.

아기욕조의 분리배출 가격은 다음과 같습니다:

- 모든 규격: 2000원

대형 폐기물 배출 신고는 [노원구 대형 폐기물 처리 신청 홈페이지](https://smartclean.nowon.kr/online/bulky/request)에서 가능합니다.

또한, 대형 폐가전제품 및 일부 소형 폐가전제품은 무상 수거 대상이므로, 한국전자제품자원순환공제조합(☎1599-0903)을 통해 무상 방문 수거 신청을 할 수 있습니다."
역류방지쿠션,"안녕하세요! 역류방지쿠션의 분리배출 가격에 대해 안내드립니다.

역류방지쿠션의 분리배출 가격은 다음과 같습니다:

- 개당: 1000원

대형 폐기물 배출 신고는 [노원구 대형 폐기물 처리 신청 홈페이지](https://smartclean.nowon.kr/online/bulky/request)에서 가능합니다.

또한, 대형 폐가전제품 및 일부 소형 폐가전제품은 무상 수거 대상이므로, 한국전자제품자원순환공제조합(☎1599-0903)을 통해 무상 방문 수거 신청을 할 수 있습니다."
유모차,"안녕하세요! 유모차의 분리배출 가격에 대해 안내드립니다.

유모차의 분리배출 가격은 다음과 같습니다:

- 디럭스/왜건: 3000원
- 쌍둥이용: 4000원
- 절충형: 2500원
- 휴대형: 2000원

대형 폐기물 배출 신고는 [노원구 대형 폐기물 처리 신청 홈페이지](https://smartclean.nowon.kr/online/bulky/request)에서 가능합니다.

또한, 대형 폐가전제품 및 일부 소형 폐가전제품은 무상 수거 대상이므로, 한국전자제품자원순환공제조합(☎1599-0903)을 통해 무상 방문 수거 신청을 할 수 있습니다."
유아목마 등,"안녕하세요! 유아목마 등의 분리배출 가격에 대해 안내드립니다.

유아목마 등의 분리배출 가격은 다음과 같습니다:

- 유아용 탈것: 1000원

대형 폐기물 배출 신고는 [노원구 대형 폐기물 처리 신청 홈페이지](https://smartclean.nowon.kr/online/bulky/request)에서 가능합니다.

또한, 대형 폐가전제품 및 일부 소형 폐가전제품은 무상 수거 대상이므로, 한국전자제품자원순환공제조합(☎1599-0903)을 통해 무상 방문 수거 신청을 할 수 있습니다."
유아용 그네,"안녕하세요! 유아용 그네의 분리배출 가격에 대해 안내드립니다.

유아용 그네의 분리배출 가격은 다음과 같습니다:

- 그네: 1000원
- 그네틀: 2000원
- 세트(그네+틀): 3000원

대형 폐기물 배출 신고는 [노원구 대형 폐기물 처리 신청 홈페이지](https://smartclean.nowon.kr/online/bulky/request)에서 가능합니다.

또한, 대형 폐가전제품 및 일부 소형 폐가전제품은 무상 수거 대상이므로, 한국전자제품자원순환공제조합(☎1599-0903)을 통해 무상 방문 수거 신청을 할 수 있습니다."
유아용 모빌,"안녕하세요! 유아용 모빌의 분리배출 가격에 대해 안내드립니다.

유아용 모빌의 분리배출 가격은 다음과 같습니다:

- 소형: 2000원

대형 폐기물 배출 신고는 [노원구 대형 폐기물 처리 신청 홈페이지](https://smartclean.nowon.kr/online/bulky/request)에서 가능합니다.

또한, 대형 폐가전제품 및 일부 소형 폐가전제품은 무상 수거 대상이므로, 한국전자제품자원순환공제조합(☎1599-0903)을 통해 무상 방문 수거 신청을 할 수 있습니다."
유아용 베개,"안녕하세요! 유아용 베개의 분리배출 가격에 대해 안내드립니다.

유아용 베개의 분리배출 가격은 다음과 같습니다:

- 개당: 500원

대형 폐기물 배출 신고는 [노원구 대형 폐기물 처리 신청 홈페이지](https://smartclean.nowon.kr/online/bulky/request)에서 가능합니다.

또한, 대형 폐가전제품 및 일부 소형 폐가전제품은 무상 수거 대상이므로, 한국전자제품자원순환공제조합(☎1599-0903)을 통해 무상 방문 수거 신청을 할 수 있습니다."
유아용 보행기,"안녕하세요! 유아용 보행기의 분리배출 가격에 대해 안내드립니다.

유아용 보행기의 분리배출 가격은 다음과 같습니다:

- 모든 규격: 2000원

대형 폐기물 배출 신고는 [노원구 대형 폐기물 처리 신청 홈페이지](https://smartclean.nowon.kr/online/bulky/request)에서 가능합니다.

또한, 대형 폐가전제품 및 일부 소형 폐가전제품은 무상 수거 대상이므로, 한국전자제품자원순환공제조합(☎1599-0903)을 통해 무상 방문 수거 신청을 할 수 있습니다."
유아용 소파,"안녕하세요! 유아용 소파의 분리배출 가격에 대해 안내드립니다.

유아용 소파의 분리배출 가격은 다음과 같습니다:

- 모든 규격: 2000원

대형 폐기물 배출 신고는 [노원구 대형 폐기물 처리 신청 홈페이지](https://smartclean.nowon.kr/online/bulky/request)에서 가능합니다.

또한, 대형 폐가전제품 및 일부 소형 폐가전제품은 무상 수거 대상이므로, 한국전자제품자원순환공제조합(☎1599-0903)을 통해 무상 방문 수거 신청을 할 수 있습니다."
유아용 싱크대,"안녕하세요! 유아용 싱크대의 분리배출 가격에 대해 안내드립니다.

유아용 싱크대의 분리배출 가격은 다음과 같습니다:

- 모든 규격: 3000원

대형 폐기물 배출 신고는 [노원구 대형 폐기물 처리 신청 홈페이지](https://smartclean.nowon.kr/online/bulky/request)에서 가능합니다.

또한, 대형 폐가전제품 및 일부 소형 폐가전제품은 무상 수거 대상이므로, 한국전자제품자원순환공제조합(☎1599-0903)을 통해 무상 방문 수거 신청을 할 수 있습니다."
유아용 안전문,"안녕하세요! 유아용 안전문의 분리배출 가격에 대해 안내드립니다.

유아용 안전문의 분리배출 가격은 다음과 같습니다:

- 1짝당: 1000원

대형 폐기물 배출 신고는 [노원구 대형 폐기물 처리 신청 홈페이지](https://smartclean.nowon.kr/online/bulky/request)에서 가능합니다.

또한, 대형 폐가전제품 및 일부 소형 폐가전제품은 무상 수거 대상이므로, 한국전자제품자원순환공제조합(☎1599-0903)을 통해 무상 방문 수거 신청을 할 수 있습니다."
유아용 이불,"안녕하세요! 유아용 이불의 분리배출 가격에 대해 안내드립니다.

유아용 이불의 분리배출 가격은 다음과 같습니다:

- 겨울용: 1000원
- 여름용, 얇은깔개: 500원

대형 폐기물 배출 신고는 [노원구 대형 폐기물 처리 신청 홈페이지](https://smartclean.nowon.kr/online/bulky/request)에서 가능합니다.

또한, 대형 폐가전제품 및 일부 소형 폐가전제품은 무상 수거 대상이므로, 한국전자제품자원순환공제조합(☎1599-0903)을 통해 무상 방문 수거 신청을 할 수 있습니다."
유아용 일반의자,"안녕하세요! 유아용 일반의자의 분리배출 가격에 대해 안내드립니다.

유아용 일반의자의 분리배출 가격은 다음과 같습니다:

- 모든 규격: 1000원

대형 폐기물 배출 신고는 [노원구 대형 폐기물 처리 신청 홈페이지](https://smartclean.nowon.kr/online/bulky/request)에서 가능합니다.

또한, 대형 폐가전제품 및 일부 소형 폐가전제품은 무상 수거 대상이므로, 한국전자제품자원순환공제조합(☎1599-0903)을 통해 무상 방문 수거 신청을 할 수 있습니다."
유아용 자동차,"안녕하세요! 유아용 자동차의 분리배출 가격에 대해 안내드립니다.

유아용 자동차의 분리배출 가격은 다음과 같습니다:

- 일반형: 3000원
- 전동형: 4000원

대형 폐기물 배출 신고는 [노원구 대형 폐기물 처리 신청 홈페이지](https://smartclean.nowon.kr/online/bulky/request)에서 가능합니다.

또한, 대형 폐가전제품 및 일부 소형 폐가전제품은 무상 수거 대상이므로, 한국전자제품자원순환공제조합(☎1599-0903)을 통해 무상 방문 수거 신청을 할 수 있습니다."
유아용 책상,"안녕하세요! 유아용 책상의 분리배출 가격에 대해 안내드립니다.

유아용 책상의 분리배출 가격은 다음과 같습니다:

- 세트(책상+의자 1개): 3000원
- 책상: 2000원

대형 폐기물 배출 신고는 [노원구 대형 폐기물 처리 신청 홈페이지](https://smartclean.nowon.kr/online/bulky/request)에서 가능합니다.

또한, 대형 폐가전제품 및 일부 소형 폐가전제품은 무상 수거 대상이므로, 한국전자제품자원순환공제조합(☎1599-0903)을 통해 무상 방문 수거 신청을 할 수 있습니다."
유아용 침대,"안녕하세요! 유아용 침대의 분리배출 가격에 대해 안내드립니다.

유아용 침대의 분리배출 가격은 다음과 같습니다:

- 길이 1m 미만: 3000원
- 길이 1m 이상: 5000원
- 아기범퍼침대: 3000원
- 침대가드(가로 50㎝당): 500원
- 휴대용 침대: 2000원

대형 폐기물 배출 신고는 [노원구 대형 폐기물 처리 신청 홈페이지](https://smartclean.nowon.kr/online/bulky/request)에서 가능합니다.

또한, 대형 폐가전제품 및 일부 소형 폐가전제품은 무상 수거 대상이므로, 한국전자제품자원순환공제조합(☎1599-0903)을 통해 무상 방문 수거 신청을 할 수 있습니다."
인디언집,"안녕하세요! 인디언집의 분리배출 가격에 대해 안내드립니다.

인디언집의 분리배출 가격은 다음과 같습니다:

- 세트(천막+프레임): 3000원
- 천막: 1000원
- 프레임: 2000원

대형 폐기물 배출 신고는 [노원구 대형 폐기물 처리 신청 홈페이지](https://smartclean.nowon.kr/online/bulky/request)에서 가능합니다.

또한, 대형 폐가전제품 및 일부 소형 폐가전제품은 무상 수거 대상이므로, 한국전자제품자원순환공제조합(☎1599-0903)을 통해 무상 방문 수거 신청을 할 수 있습니다."
점핑점퍼,"안녕하세요! 점핑점퍼의 분리배출 가격에 대해 안내드립니다.

점핑점퍼의 분리배출 가격은 다음과 같습니다:

- 세트(점퍼+틀): 3000원
- 점퍼: 1000원
- 점퍼틀: 2000원

대형 폐기물 배출 신고는 [노원구 대형 폐기물 처리 신청 홈페이지](https://smartclean.nowon.kr/online/bulky/request)에서 가능합니다.

또한, 대형 폐가전제품 및 일부 소형 폐가전제품은 무상 수거 대상이므로, 한국전자제품자원순환공제조합(☎1599-0903)을 통해 무상 방문 수거 신청을 할 수 있습니다."
침대범퍼,"안녕하세요! 침대범퍼의 분리배출 가격에 대해 안내드립니다.

침대범퍼의 분리배출 가격은 다음과 같습니다:

- 가로 50㎝당: 500원

대형 폐기물 배출 신고는 [노원구 대형 폐기물 처리 신청 홈페이지](https://smartclean.nowon.kr/online/bulky/request)에서 가능합니다.

또한, 대형 폐가전제품 및 일부 소형 폐가전제품은 무상 수거 대상이므로, 한국전자제품자원순환공제조합(☎1599-0903)을 통해 무상 방문 수거 신청을 할 수 있습니다."
트램펄린,"안녕하세요! 트램펄린의 분리배출 가격에 대해 안내드립니다.

트램펄린의 분리배출 가격은 다음과 같습니다:

- 가정용: 3000원

대형 폐기물 배출 신고는 [노원구 대형 폐기물 처리 신청 홈페이지](https://smartclean.nowon.kr/online/bulky/request)에서 가능합니다.

또한, 대형 폐가전제품 및 일부 소형 폐가전제품은 무상 수거 대상이므로, 한국전자제품자원순환공제조합(☎1599-0903)을 통해 무상 방문 수거 신청을 할 수 있습니다."
강아지 계단,"안녕하세요! 강아지 계단의 분리배출 가격에 대해 안내드립니다.

강아지 계단의 분리배출 가격은 다음과 같습니다:

- 모든 규격: 2000원

대형 폐기물 배출 신고는 [노원구 대형 폐기물 처리 신청 홈페이지](https://smartclean.nowon.kr/online/bulky/request)에서 가능합니다.

또한, 대형 폐가전제품 및 일부 소형 폐가전제품은 무상 수거 대상이므로, 한국전자제품자원순환공제조합(☎1599-0903)을 통해 무상 방문 수거 신청을 할 수 있습니다."
개집,"안녕하세요! 개집의 분리배출 가격에 대해 안내드립니다.

개집의 분리배출 가격은 다음과 같습니다:

- 높이 50㎝ 미만: 1500원
- 높이 50㎝ 이상: 3000원
- 솜제품: 1000원

대형 폐기물 배출 신고는 [노원구 대형 폐기물 처리 신청 홈페이지](https://smartclean.nowon.kr/online/bulky/request)에서 가능합니다.

또한, 대형 폐가전제품 및 일부 소형 폐가전제품은 무상 수거 대상이므로, 한국전자제품자원순환공제조합(☎1599-0903)을 통해 무상 방문 수거 신청을 할 수 있습니다."
고양이 화장실,"안녕하세요! 고양이 화장실의 분리배출 가격에 대해 안내드립니다.

고양이 화장실의 분리배출 가격은 다음과 같습니다:

- 내용물(흙, 모래 등) 제외: 1000원

대형 폐기물 배출 신고는 [노원구 대형 폐기물 처리 신청 홈페이지](https://smartclean.nowon.kr/online/bulky/request)에서 가능합니다.

또한, 대형 폐가전제품 및 일부 소형 폐가전제품은 무상 수거 대상이므로, 한국전자제품자원순환공제조합(☎1599-0903)을 통해 무상 방문 수거 신청을 할 수 있습니다."
동물이동장,"안녕하세요! 동물이동장의 분리배출 가격에 대해 안내드립니다.

동물이동장의 분리배출 가격은 다음과 같습니다:

- 가방형: 1500원
- 캐리어형(길이 50㎝ 미만): 1500원
- 캐리어형(길이 50㎝ 이상): 3000원

대형 폐기물 배출 신고는 [노원구 대형 폐기물 처리 신청 홈페이지](https://smartclean.nowon.kr/online/bulky/request)에서 가능합니다.

또한, 대형 폐가전제품 및 일부 소형 폐가전제품은 무상 수거 대상이므로, 한국전자제품자원순환공제조합(☎1599-0903)을 통해 무상 방문 수거 신청을 할 수 있습니다."
배변판,"안녕하세요! 배변판의 분리배출 가격에 대해 안내드립니다.

배변판의 분리배출 가격은 다음과 같습니다:

- 모든 규격: 1000원

대형 폐기물 배출 신고는 [노원구 대형 폐기물 처리 신청 홈페이지](https://smartclean.nowon.kr/online/bulky/request)에서 가능합니다.

또한, 대형 폐가전제품 및 일부 소형 폐가전제품은 무상 수거 대상이므로, 한국전자제품자원순환공제조합(☎1599-0903)을 통해 무상 방문 수거 신청을 할 수 있습니다."
상자형,"안녕하세요! 상자형의 분리배출 가격에 대해 안내드립니다.

상자형의 분리배출 가격은 다음과 같습니다:

- 긴 면이 50㎝ 미만: 1000원
- 긴 면이 50㎝ 이상: 2000원

대형 폐기물 배출 신고는 [노원구 대형 폐기물 처리 신청 홈페이지](https://smartclean.nowon.kr/online/bulky/request)에서 가능합니다.

또한, 대형 폐가전제품 및 일부 소형 폐가전제품은 무상 수거 대상이므로, 한국전자제품자원순환공제조합(☎1599-0903)을 통해 무상 방문 수거 신청을 할 수 있습니다."
새장,"안녕하세요! 새장의 분리배출 가격에 대해 안내드립니다.

새장의 분리배출 가격은 다음과 같습니다:

- 긴 면이 100㎝ 미만: 2000원
- 긴 면이 100㎝ 이상: 3000원
- 긴 면이 50㎝ 미만: 1000원

대형 폐기물 배출 신고는 [노원구 대형 폐기물 처리 신청 홈페이지](https://smartclean.nowon.kr/online/bulky/request)에서 가능합니다.

또한, 대형 폐가전제품 및 일부 소형 폐가전제품은 무상 수거 대상이므로, 한국전자제품자원순환공제조합(☎1599-0903)을 통해 무상 방문 수거 신청을 할 수 있습니다."
안전펜스,"안녕하세요! 안전펜스의 분리배출 가격에 대해 안내드립니다.

안전펜스의 분리배출 가격은 다음과 같습니다:

- 길이 50㎝당: 500원

대형 폐기물 배출 신고는 [노원구 대형 폐기물 처리 신청 홈페이지](https://smartclean.nowon.kr/online/bulky/request)에서 가능합니다.

또한, 대형 폐가전제품 및 일부 소형 폐가전제품은 무상 수거 대상이므로, 한국전자제품자원순환공제조합(☎1599-0903)을 통해 무상 방문 수거 신청을 할 수 있습니다."
애견 안전문,"안녕하세요! 애견 안전문의 분리배출 가격에 대해 안내드립니다.

애견 안전문의 분리배출 가격은 다음과 같습니다:

- 모든 규격: 1000원

대형 폐기물 배출 신고는 [노원구 대형 폐기물 처리 신청 홈페이지](https://smartclean.nowon.kr/online/bulky/request)에서 가능합니다.

또한, 대형 폐가전제품 및 일부 소형 폐가전제품은 무상 수거 대상이므로, 한국전자제품자원순환공제조합(☎1599-0903)을 통해 무상 방문 수거 신청을 할 수 있습니다."
애완동물 계단,"안녕하세요! 애완동물 계단의 분리배출 가격에 대해 안내드립니다.

애완동물 계단의 분리배출 가격은 다음과 같습니다:

- 모든 규격1,: 500원

대형 폐기물 배출 신고는 [노원구 대형 폐기물 처리 신청 홈페이지](https://smartclean.nowon.kr/online/bulky/request)에서 가능합니다.

또한, 대형 폐가전제품 및 일부 소형 폐가전제품은 무상 수거 대상이므로, 한국전자제품자원순환공제조합(☎1599-0903)을 통해 무상 방문 수거 신청을 할 수 있습니다."
어항,"안녕하세요! 어항의 분리배출 가격에 대해 안내드립니다.

어항의 분리배출 가격은 다음과 같습니다:

- 가로 1m 미만: 4000원
- 가로 1m 이상: 6000원
- 탁상용 소형어항: 1500원

대형 폐기물 배출 신고는 [노원구 대형 폐기물 처리 신청 홈페이지](https://smartclean.nowon.kr/online/bulky/request)에서 가능합니다.

또한, 대형 폐가전제품 및 일부 소형 폐가전제품은 무상 수거 대상이므로, 한국전자제품자원순환공제조합(☎1599-0903)을 통해 무상 방문 수거 신청을 할 수 있습니다."
캣타워,"안녕하세요! 캣타워의 분리배출 가격에 대해 안내드립니다.

캣타워의 분리배출 가격은 다음과 같습니다:

- 높이 1.5m 미만: 5000원
- 높이 1.5m 이상: 7000원
- 높이 60cm 미만: 3000원

대형 폐기물 배출 신고는 [노원구 대형 폐기물 처리 신청 홈페이지](https://smartclean.nowon.kr/online/bulky/request)에서 가능합니다.

또한, 대형 폐가전제품 및 일부 소형 폐가전제품은 무상 수거 대상이므로, 한국전자제품자원순환공제조합(☎1599-0903)을 통해 무상 방문 수거 신청을 할 수 있습니다."
플라스틱 수조,"안녕하세요! 플라스틱 수조의 분리배출 가격에 대해 안내드립니다.

플라스틱 수조의 분리배출 가격은 다음과 같습니다:

- 가로 1m 미만: 1000원
- 가로 1m 이상: 2000원

대형 폐기물 배출 신고는 [노원구 대형 폐기물 처리 신청 홈페이지](https://smartclean.nowon.kr/online/bulky/request)에서 가능합니다.

또한, 대형 폐가전제품 및 일부 소형 폐가전제품은 무상 수거 대상이므로, 한국전자제품자원순환공제조합(☎1599-0903)을 통해 무상 방문 수거 신청을 할 수 있습니다."
고기불판,"안녕하세요! 고기불판의 분리배출 가격에 대해 안내드립니다.

고기불판의 분리배출 가격은 다음과 같습니다:

- 모든 규격: 1000원

대형 폐기물 배출 신고는 [노원구 대형 폐기물 처리 신청 홈페이지](https://smartclean.nowon.kr/online/bulky/request)에서 가능합니다.

또한, 대형 폐가전제품 및 일부 소형 폐가전제품은 무상 수거 대상이므로, 한국전자제품자원순환공제조합(☎1599-0903)을 통해 무상 방문 수거 신청을 할 수 있습니다."
그늘텐트,"안녕하세요! 그늘텐트의 분리배출 가격에 대해 안내드립니다.

그늘텐트의 분리배출 가격은 다음과 같습니다:

- 2인용 이하: 1000원
- 4인용 이하: 2000원
- 6인용 이상: 3000원

대형 폐기물 배출 신고는 [노원구 대형 폐기물 처리 신청 홈페이지](https://smartclean.nowon.kr/online/bulky/request)에서 가능합니다.

또한, 대형 폐가전제품 및 일부 소형 폐가전제품은 무상 수거 대상이므로, 한국전자제품자원순환공제조합(☎1599-0903)을 통해 무상 방문 수거 신청을 할 수 있습니다."
보온텐트,"안녕하세요! 보온텐트의 분리배출 가격에 대해 안내드립니다.

보온텐트의 분리배출 가격은 다음과 같습니다:

- 2인용 이하: 1000원
- 4인용 이하: 2000원
- 6인용 이상: 3000원

대형 폐기물 배출 신고는 [노원구 대형 폐기물 처리 신청 홈페이지](https://smartclean.nowon.kr/online/bulky/request)에서 가능합니다.

또한, 대형 폐가전제품 및 일부 소형 폐가전제품은 무상 수거 대상이므로, 한국전자제품자원순환공제조합(☎1599-0903)을 통해 무상 방문 수거 신청을 할 수 있습니다."
루프탑 텐트,"안녕하세요! 루프탑 텐트의 분리배출 가격에 대해 안내드립니다.

루프탑 텐트의 분리배출 가격은 다음과 같습니다:

- 모든 규격: 15000원

대형 폐기물 배출 신고는 [노원구 대형 폐기물 처리 신청 홈페이지](https://smartclean.nowon.kr/online/bulky/request)에서 가능합니다.

또한, 대형 폐가전제품 및 일부 소형 폐가전제품은 무상 수거 대상이므로, 한국전자제품자원순환공제조합(☎1599-0903)을 통해 무상 방문 수거 신청을 할 수 있습니다."
바비큐 그릴,"안녕하세요! 바비큐 그릴의 분리배출 가격에 대해 안내드립니다.

바비큐 그릴의 분리배출 가격은 다음과 같습니다:

- 그릴판: 500원
- 화로대: 3000원

대형 폐기물 배출 신고는 [노원구 대형 폐기물 처리 신청 홈페이지](https://smartclean.nowon.kr/online/bulky/request)에서 가능합니다.

또한, 대형 폐가전제품 및 일부 소형 폐가전제품은 무상 수거 대상이므로, 한국전자제품자원순환공제조합(☎1599-0903)을 통해 무상 방문 수거 신청을 할 수 있습니다."
아이스박스,"안녕하세요! 아이스박스의 분리배출 가격에 대해 안내드립니다.

아이스박스의 분리배출 가격은 다음과 같습니다:

- 30ℓ 미만: 1000원
- 50ℓ 미만: 2000원
- 50ℓ 이상: 3000원

대형 폐기물 배출 신고는 [노원구 대형 폐기물 처리 신청 홈페이지](https://smartclean.nowon.kr/online/bulky/request)에서 가능합니다.

또한, 대형 폐가전제품 및 일부 소형 폐가전제품은 무상 수거 대상이므로, 한국전자제품자원순환공제조합(☎1599-0903)을 통해 무상 방문 수거 신청을 할 수 있습니다."
야전삽,"안녕하세요! 야전삽의 분리배출 가격에 대해 안내드립니다.

야전삽의 분리배출 가격은 다음과 같습니다:

- 모든 규격: 1000원

대형 폐기물 배출 신고는 [노원구 대형 폐기물 처리 신청 홈페이지](https://smartclean.nowon.kr/online/bulky/request)에서 가능합니다.

또한, 대형 폐가전제품 및 일부 소형 폐가전제품은 무상 수거 대상이므로, 한국전자제품자원순환공제조합(☎1599-0903)을 통해 무상 방문 수거 신청을 할 수 있습니다."
일반텐트,"안녕하세요! 일반텐트의 분리배출 가격에 대해 안내드립니다.

일반텐트의 분리배출 가격은 다음과 같습니다:

- 4인용 이하: 3000원
- 7인용 이하: 4000원
- 8인용 이상: 6000원

대형 폐기물 배출 신고는 [노원구 대형 폐기물 처리 신청 홈페이지](https://smartclean.nowon.kr/online/bulky/request)에서 가능합니다.

또한, 대형 폐가전제품 및 일부 소형 폐가전제품은 무상 수거 대상이므로, 한국전자제품자원순환공제조합(☎1599-0903)을 통해 무상 방문 수거 신청을 할 수 있습니다."
천막,"안녕하세요! 천막의 분리배출 가격에 대해 안내드립니다.

천막의 분리배출 가격은 다음과 같습니다:

- 긴 면이 6m 미만: 4000원
- 긴 면이 6m 이상: 6000원

대형 폐기물 배출 신고는 [노원구 대형 폐기물 처리 신청 홈페이지](https://smartclean.nowon.kr/online/bulky/request)에서 가능합니다.

또한, 대형 폐가전제품 및 일부 소형 폐가전제품은 무상 수거 대상이므로, 한국전자제품자원순환공제조합(☎1599-0903)을 통해 무상 방문 수거 신청을 할 수 있습니다."
침낭,"안녕하세요! 침낭의 분리배출 가격에 대해 안내드립니다.

침낭의 분리배출 가격은 다음과 같습니다:

- 모든 규격: 1000원

대형 폐기물 배출 신고는 [노원구 대형 폐기물 처리 신청 홈페이지](https://smartclean.nowon.kr/online/bulky/request)에서 가능합니다.

또한, 대형 폐가전제품 및 일부 소형 폐가전제품은 무상 수거 대상이므로, 한국전자제품자원순환공제조합(☎1599-0903)을 통해 무상 방문 수거 신청을 할 수 있습니다."
캠핑난로,"안녕하세요! 캠핑난로의 분리배출 가격에 대해 안내드립니다.

캠핑난로의 분리배출 가격은 다음과 같습니다:

- 모든 규격: 3000원

대형 폐기물 배출 신고는 [노원구 대형 폐기물 처리 신청 홈페이지](https://smartclean.nowon.kr/online/bulky/request)에서 가능합니다.

또한, 대형 폐가전제품 및 일부 소형 폐가전제품은 무상 수거 대상이므로, 한국전자제품자원순환공제조합(☎1599-0903)을 통해 무상 방문 수거 신청을 할 수 있습니다."
캠핑용 냄비,"안녕하세요! 캠핑용 냄비의 분리배출 가격에 대해 안내드립니다.

캠핑용 냄비의 분리배출 가격은 다음과 같습니다:

- 세트당: 1000원

대형 폐기물 배출 신고는 [노원구 대형 폐기물 처리 신청 홈페이지](https://smartclean.nowon.kr/online/bulky/request)에서 가능합니다.

또한, 대형 폐가전제품 및 일부 소형 폐가전제품은 무상 수거 대상이므로, 한국전자제품자원순환공제조합(☎1599-0903)을 통해 무상 방문 수거 신청을 할 수 있습니다."
캠핑의자,"안녕하세요! 캠핑의자의 분리배출 가격에 대해 안내드립니다.

캠핑의자의 분리배출 가격은 다음과 같습니다:

- 모든 규격: 1000원

대형 폐기물 배출 신고는 [노원구 대형 폐기물 처리 신청 홈페이지](https://smartclean.nowon.kr/online/bulky/request)에서 가능합니다.

또한, 대형 폐가전제품 및 일부 소형 폐가전제품은 무상 수거 대상이므로, 한국전자제품자원순환공제조합(☎1599-0903)을 통해 무상 방문 수거 신청을 할 수 있습니다."
캠핑침대,"안녕하세요! 캠핑침대의 분리배출 가격에 대해 안내드립니다.

캠핑침대의 분리배출 가격은 다음과 같습니다:

- 모든 규격: 2000원

대형 폐기물 배출 신고는 [노원구 대형 폐기물 처리 신청 홈페이지](https://smartclean.nowon.kr/online/bulky/request)에서 가능합니다.

또한, 대형 폐가전제품 및 일부 소형 폐가전제품은 무상 수거 대상이므로, 한국전자제품자원순환공제조합(☎1599-0903)을 통해 무상 방문 수거 신청을 할 수 있습니다."
휴대용 가스버너,"안녕하세요! 휴대용 가스버너의 분리배출 가격에 대해 안내드립니다.

휴대용 가스버너의 분리배출 가격은 다음과 같습니다:

- 가스제외: 1000원

대형 폐기물 배출 신고는 [노원구 대형 폐기물 처리 신청 홈페이지](https://smartclean.nowon.kr/online/bulky/request)에서 가능합니다.

또한, 대형 폐가전제품 및 일부 소형 폐가전제품은 무상 수거 대상이므로, 한국전자제품자원순환공제조합(☎1599-0903)을 통해 무상 방문 수거 신청을 할 수 있습니다."
자동차 배터리,"안녕하세요! 자동차 배터리의 분리배출 가격에 대해 안내드립니다.

자동차 배터리의 분리배출 가격은 다음과 같습니다:

- 모든 규격: 4000원

대형 폐기물 배출 신고는 [노원구 대형 폐기물 처리 신청 홈페이지](https://smartclean.nowon.kr/online/bulky/request)에서 가능합니다.

또한, 대형 폐가전제품 및 일부 소형 폐가전제품은 무상 수거 대상이므로, 한국전자제품자원순환공제조합(☎1599-0903)을 통해 무상 방문 수거 신청을 할 수 있습니다."
자동차 외부 커버,"안녕하세요! 자동차 외부 커버의 분리배출 가격에 대해 안내드립니다.

자동차 외부 커버의 분리배출 가격은 다음과 같습니다:

- 모든 규격: 2000원

대형 폐기물 배출 신고는 [노원구 대형 폐기물 처리 신청 홈페이지](https://smartclean.nowon.kr/online/bulky/request)에서 가능합니다.

또한, 대형 폐가전제품 및 일부 소형 폐가전제품은 무상 수거 대상이므로, 한국전자제품자원순환공제조합(☎1599-0903)을 통해 무상 방문 수거 신청을 할 수 있습니다."
차량매트,"안녕하세요! 차량매트의 분리배출 가격에 대해 안내드립니다.

차량매트의 분리배출 가격은 다음과 같습니다:

- 1대 분량: 2000원

대형 폐기물 배출 신고는 [노원구 대형 폐기물 처리 신청 홈페이지](https://smartclean.nowon.kr/online/bulky/request)에서 가능합니다.

또한, 대형 폐가전제품 및 일부 소형 폐가전제품은 무상 수거 대상이므로, 한국전자제품자원순환공제조합(☎1599-0903)을 통해 무상 방문 수거 신청을 할 수 있습니다."
차량시트,"안녕하세요! 차량시트의 분리배출 가격에 대해 안내드립니다.

차량시트의 분리배출 가격은 다음과 같습니다:

- 1인용: 4000원
- 3인용: 10000원
- 유아용 카시트: 3000원

대형 폐기물 배출 신고는 [노원구 대형 폐기물 처리 신청 홈페이지](https://smartclean.nowon.kr/online/bulky/request)에서 가능합니다.

또한, 대형 폐가전제품 및 일부 소형 폐가전제품은 무상 수거 대상이므로, 한국전자제품자원순환공제조합(☎1599-0903)을 통해 무상 방문 수거 신청을 할 수 있습니다."
